0,512.978,11.9277,0.219908,0.174306,11689,0
1,392.967,5.9343,0.330477,0.11533,11689,0
2,391.055,8.11446,0.145931,0.125927,11689,0
3,327.679,6.60015,0.278823,0.247325,11689,0
4,336.122,6.94068,0.151119,0.12991,11689,0
5,359.137,5.80228,0.307984,0.113745,11689,0
6,311.188,6.00986,0.171432,0.120041,11689,0
7,339.311,5.49197,0.486736,0.116612,11689,0
8,289.883,5.8283,0.144939,0.114048,11689,0
9,291.694,5.59166,0.215089,0.116336,11689,0
10,324.813,4.76768,0.158326,0.238086,11689,0
11,343.265,5.69389,0.212481,0.113403,11689,0
12,379.143,5.73764,0.206582,0.153441,11689,0
13,428.787,5.92269,0.129492,0.144849,11689,0
14,394.996,5.70273,0.142013,0.120564,11689,0
15,542.592,6.33295,0.139392,0.120656,11689,0
16,655.048,6.95603,0.148852,0.109289,11689,0
17,571.137,14.8083,0.836311,1.74167,11689,1
18,555.624,7.99677,0.294669,0.337819,11689,1
19,522.269,5.61103,0.13976,0.0820911,11689,0
20,415.34,9.12711,0.598243,0.286179,11689,1
21,468.097,6.27638,0.200063,0.249429,11689,1
22,507.026,6.9938,0.380894,0.225979,11689,0
23,465.239,16.7747,0.241147,0.287922,11689,0
24,398.2,2.67045,0.01,0.01,11689,1
25,395.073,4.22824,0.082674,0.0774999,11689,1
26,446.765,9.78872,0.19992,0.182357,11689,1
27,395.524,5.21454,0.115899,0.108047,11689,1
28,512.68,3.15067,0.131824,0.306504,11689,0
29,470.601,1.98271,0.138256,0.0457733,11689,1
30,519.951,4.59004,0.281668,0.127909,11689,0
31,658.533,21.3168,0.32273,0.241305,11689,1
32,548.443,7.0923,0.432434,0.147813,11689,0
33,486.469,9.19606,0.376571,0.0937185,11689,0
34,297.243,12.4449,0.375368,0.186646,11689,0
35,302.077,12.4991,0.325608,0.152492,11689,0
36,271.234,10.8375,0.201679,0.149916,11689,0
37,216.801,9.3504,0.208115,0.123035,11689,0
38,2095.97,3.37343,0.14754,0.0374553,11689,1
39,206.089,10.6393,0.105486,0.135928,11689,0
40,265.527,15.054,0.387916,0.161482,11689,0
41,230.076,11.2681,0.126665,0.123806,11689,0
42,214.079,14.2216,0.139517,0.19854,11689,0
43,352.031,10.7187,0.0984254,0.111559,11689,0
44,344.017,10.9453,0.130241,0.135976,11689,0
45,339.495,15.3147,0.219938,0.211762,11689,0
46,429.653,13.9541,0.222012,0.204108,11689,0
47,575.656,10.3292,0.441468,0.188415,11689,0
48,1267.32,1.25366,0.102466,0.0219914,11689,1
49,1210.57,1.09803,0.0605668,0.0536639,11689,1
50,1166.54,0.919869,0.0757185,0.013887,11689,1
51,1094.17,0.850044,0.0559412,0.0116532,11689,1
52,1203.79,1.21697,0.0752631,0.0154008,11689,1
53,1147.11,0.978348,0.0662738,0.0155464,11689,1
54,1129.81,1.02976,0.0544936,0.0124268,11689,1
55,1190.63,0.839344,0.0499294,0.0114516,11689,1
56,1166.61,0.835261,0.0582988,0.00993185,11689,1
57,1155.31,0.758664,0.0797694,0.0139249,11689,1
58,1246.17,0.949214,0.0713131,0.012069,11689,1
59,1160.02,0.835994,0.0740829,0.0163939,11689,1
60,1153.95,0.706498,0.0662648,0.0186286,11689,1
61,1168.2,0.998629,0.0726469,0.0168735,11689,1
62,1162.24,1.00128,0.0829665,0.0151595,11689,1
63,1180.18,1.12876,0.0871328,0.0167186,11689,1
64,525.453,7.34509,0.189949,0.16762,11689,0
65,439.124,5.84783,0.126666,0.152603,11689,0
66,411.856,7.2899,0.285652,0.172948,11689,0
67,387.778,5.91397,0.132084,0.152378,11689,0
68,343.771,6.18578,0.463624,0.128935,11689,0
69,298.148,6.18753,0.120395,0.122283,11689,0
70,301.213,5.97631,0.483452,0.156661,11689,0
71,376.269,5.70586,0.116534,0.151277,11689,0
72,336.147,5.69195,0.386765,0.12494,11689,0
73,392.921,5.78162,0.112379,0.130637,11689,0
74,344.578,5.86487,0.341345,0.127152,11689,0
75,396.558,6.34119,0.137821,0.131596,11689,0
76,426.123,7.37983,0.152072,0.143339,11689,0
77,467.76,9.02841,0.145606,0.126648,11689,0
78,489.335,1.55836,0.0245469,0.00752284,11689,1
79,512.075,10.6998,0.258326,0.149425,11689,0
80,548.189,8.61983,0.221635,0.203815,11689,0
81,454.952,7.16292,0.488758,0.205354,11689,0
82,434.293,6.47825,0.162642,0.147686,11689,0
83,373.244,1.98433,0.0388452,0.0239774,11689,1
84,340.325,5.83117,0.128734,0.125674,11689,0
85,393.712,10.6708,0.627013,0.291387,11689,0
86,318.18,6.50544,0.175988,0.141362,11689,0
87,360.17,6.4497,0.653765,0.137775,11689,0
88,366.201,6.11375,0.132975,0.128338,11689,0
89,369.341,6.12104,0.216994,0.125757,11689,0
90,356.67,6.05709,0.118749,0.141428,11689,0
91,387.102,6.03355,0.197237,0.171856,11689,0
92,438.255,6.55453,0.215388,0.178557,11689,0
93,430.401,6.199,0.160228,0.133366,11689,0
94,548.683,7.20516,0.180428,0.155583,11689,0
95,567.6,6.27669,0.152053,0.147428,11689,0
96,522.963,11.2842,0.204666,0.204675,11689,0
97,423.493,11.4925,0.0915008,0.133877,11689,0
98,380.78,14.905,0.205047,0.146538,11689,0
99,318.603,13.3642,0.114788,0.153458,11689,0
100,410.833,13.3187,0.0903847,0.1568,11689,0
101,300.514,10.9905,0.126324,0.11421,11689,0
102,274.686,10.2385,0.084752,0.113888,11689,0
103,264.588,7.58686,0.138292,0.0996545,11689,0
104,277.398,8.01898,0.152948,0.0879037,11689,0
105,332.185,6.98357,0.157513,0.101892,11689,0
106,345.361,8.76531,0.208189,0.102485,11689,0
107,348.567,6.92532,0.153049,0.0861671,11689,0
108,337.795,7.63925,0.167525,0.0871395,11689,0
109,431.695,9.02916,0.191425,0.0997476,11689,0
110,485.179,9.13294,0.398026,0.115491,11689,0
111,605.038,6.60442,0.210381,0.131651,11689,0
112,593.566,7.11025,0.216508,0.1545,11689,0
113,417.219,9.40149,0.217721,0.152261,11689,1
114,341.693,8.78791,0.221266,0.113327,11689,0
115,311.277,7.86136,0.137959,0.140301,11689,0
116,277.226,7.68386,0.151417,0.0982331,11689,0
117,224.548,7.29849,0.139125,0.0949406,11689,0
118,225.093,6.52337,0.136423,0.108737,11689,0
119,196.846,9.34179,0.295257,0.151685,11689,1
120,273.298,6.87791,0.120813,0.0997959,11689,0
121,293.334,7.46659,0.135282,0.104048,11689,0
122,268.097,6.04391,0.13183,0.0893089,11689,0
123,215.188,6.77834,0.133278,0.103685,11689,1
124,351.454,6.16976,0.130095,0.10971,11689,0
125,416.646,5.59989,0.184753,0.303049,11689,1
126,494.489,5.24137,0.155716,0.267289,11689,0
127,511.362,10.5417,0.304464,0.280877,11689,0
128,592.811,8.9368,0.16971,0.130736,11689,0
129,479.019,6.62039,0.221471,0.156347,11689,0
130,416.191,8.68213,0.131857,0.12918,11689,0
131,410.155,6.35489,0.112971,0.134914,11689,0
132,395.905,6.03689,0.10607,0.107836,11689,0
133,337.683,5.78935,0.127644,0.143709,11689,0
134,345.961,6.3069,0.136274,0.126358,11689,0
135,364.667,6.22003,0.111344,0.147595,11689,0
136,313.927,10.1175,0.59474,0.422793,11689,0
137,367.228,5.93329,0.165629,0.135341,11689,0
138,344.63,5.88521,0.122881,0.134054,11689,0
139,390.629,5.88087,0.191199,0.178066,11689,0
140,443.042,6.35591,0.1427,0.172286,11689,0
141,471.082,6.05024,0.150704,0.123995,11689,0
142,522.352,5.28773,0.120343,0.109637,11689,0
143,500.987,7.95049,0.214646,0.268739,11689,0
144,485.812,7.44117,0.144102,0.175614,11689,0
145,508.883,7.06323,0.18082,0.160012,11689,0
146,442.819,7.47814,0.508453,0.178865,11689,0
147,389.661,5.80902,0.169961,0.17869,11689,0
148,367.865,7.75411,0.605811,0.280959,11689,0
149,386.116,7.03481,0.139906,0.14313,11689,0
150,364.527,6.29926,0.232767,0.153145,11689,0
151,354.226,6.41333,0.142633,0.157154,11689,0
152,342.673,5.84856,0.117063,0.152067,11689,1
153,376.529,5.25239,0.139887,0.182705,11689,0
154,411.412,5.77447,0.113453,0.132114,11689,0
155,425.836,6.21398,0.126829,0.144011,11689,0
156,375.75,6.69293,0.144748,0.181852,11689,0
157,436.166,6.09245,0.154411,0.167531,11689,0
158,526.575,5.79728,0.286223,0.128278,11689,0
159,611.274,7.58428,0.200937,0.168924,11689,0
160,567.637,8.4375,0.742082,0.242509,11689,0
161,474.342,7.43039,0.257452,0.111047,11689,0
162,413.895,8.59423,0.145811,0.108586,11689,0
163,398.974,6.77514,0.142555,0.0991642,11689,0
164,457.497,6.55272,0.150604,0.138425,11689,0
165,437.908,6.37808,0.202543,0.210137,11689,0
166,458.836,6.36808,0.137751,0.0960448,11689,0
167,422.736,5.52718,0.261512,0.115467,11689,0
168,516.428,5.27988,0.259087,0.123649,11689,0
169,416.873,7.65502,0.238943,0.113156,11689,0
170,435.793,7.95898,0.612031,0.131101,11689,0
171,496.003,7.352,0.249403,0.100847,11689,0
172,532.025,6.53158,0.209012,0.0815633,11689,0
173,538.72,6.39841,0.284627,0.121853,11689,0
174,577.755,6.21444,0.407997,0.187863,11689,0
175,593.576,7.46968,0.2769,0.174004,11689,0
176,554.924,11.0992,0.388351,0.203594,11689,0
177,411.686,6.48988,0.679525,0.687021,11689,1
178,435.627,6.63318,0.246975,0.177585,11689,0
179,383.055,6.32473,0.188337,0.154256,11689,0
180,337.887,4.94619,0.185444,0.102325,11689,0
181,352.478,5.23961,0.168446,0.107019,11689,0
182,390.047,4.75,0.141302,0.131571,11689,0
183,338.956,6.28942,0.231687,0.109367,11689,0
184,415.314,6.14572,0.0977913,0.0879169,11689,0
185,430.853,6.91195,0.127504,0.100515,11689,0
186,402.568,7.2901,0.148475,0.0868389,11689,0
187,361.722,8.78067,0.14723,0.137742,11689,0
188,394.122,6.25451,0.106028,0.0967243,11689,0
189,494.826,6.32855,0.129606,0.103896,11689,0
190,478.223,6.13277,0.114027,0.0954593,11689,0
191,556.307,7.86469,0.33315,0.192562,11689,0
192,493.442,8.42824,0.111964,0.111682,11689,0
193,401.672,7.29639,0.128994,0.0919338,11689,0
194,365.184,7.29636,0.346325,0.29242,11689,1
195,360.583,7.39908,0.219157,0.122172,11689,0
196,353.508,6.28059,0.296007,0.111117,11689,0
197,365.465,8.25001,0.273017,0.144554,11689,0
198,361.8,6.4408,0.347335,0.153393,11689,0
199,323.943,8.77232,0.185353,0.137528,11689,0
200,375.474,9.74765,0.584301,0.261164,11689,0
201,338.634,7.92638,0.100054,0.0919228,11689,0
202,357.219,5.78773,0.284086,0.0974714,11689,0
203,373.222,9.45094,0.228379,0.215475,11689,0
204,399.005,5.77575,0.459501,0.11827,11689,0
205,413.357,8.68253,0.174815,0.11396,11689,1
206,495.804,6.65449,0.324129,0.122788,11689,0
207,510.145,8.95664,0.211919,0.124445,11689,0
208,494.573,10.0806,0.146925,0.160353,11689,0
209,384,0,0,0,11689,1
210,382.029,8.69793,0.353669,0.270633,11689,0
211,316.148,6.87693,0.123893,0.152995,11689,0
212,345.993,7.78792,0.107235,0.102957,11689,0
213,353.668,6.69694,0.433327,0.117959,11689,0
214,309.701,11.4833,0.271568,0.175742,11689,0
215,301.723,6.8752,0.383588,0.125712,11689,0
216,294.99,7.39027,0.127054,0.100332,11689,0
217,354.434,6.08893,0.205118,0.110041,11689,0
218,269.23,7.45187,0.113145,0.100676,11689,0
219,343.083,6.33113,0.307013,0.110588,11689,0
220,353.72,8.06764,0.150009,0.101184,11689,0
221,419.382,6.63085,0.645078,0.12283,11689,0
222,436.026,8.31054,0.127525,0.120606,11689,0
223,530.86,7.99765,0.112829,0.102895,11689,0
224,1116.73,1.96102,0.0567312,0.0129717,11689,1
225,1070.18,1.67788,0.0375187,0.00939531,11689,1
226,1028.53,2.05593,0.0846397,0.0236806,11689,1
227,1051.51,1.3885,0.0247312,0.00947478,11689,1
228,978.806,1.50866,0.0222889,0.00790565,11689,1
229,988.171,1.47466,0.0389904,0.00962667,11689,1
230,1001.92,1.50114,0.0121986,0.0107229,11689,1
231,983.908,1.26205,0.0248351,0.00970374,11689,1
232,1001.22,1.54152,0.0368824,0.00992035,11689,1
233,1010.12,1.50283,0.0405115,0.00975051,11689,1
234,1027.05,1.41131,0.0335182,0.00990396,11689,1
235,1088,0,0,0,11689,1
236,1087,0,0,0,11689,1
237,1067.59,1.72231,0.0390512,0.0140197,11689,1
238,1105.66,1.63021,0.0333886,0.00969098,11689,1
239,1130.2,2.0142,0.0520619,0.0643865,11689,1
240,636.378,8.17032,0.44204,0.156674,11689,0
241,655.782,7.86307,0.305939,0.173243,11689,0
242,626.191,7.49022,0.25005,0.110565,11689,0
243,573.984,10.9219,0.454245,0.320432,11689,0
244,537.46,8.19581,0.221202,0.0969818,11689,0
245,484.015,7.1175,0.238043,0.103359,11689,0
246,540.921,9.9836,0.172562,0.122022,11689,0
247,582.998,10.0128,0.494774,0.169777,11689,0
248,449.584,9.875,0.410064,0.148997,11689,0
249,499.089,7.80267,0.197989,0.125231,11689,0
250,467.045,8.58627,0.133402,0.0975534,11689,0
251,484.115,7.5974,0.174079,0.105783,11689,0
252,490.189,8.02871,0.138292,0.108768,11689,0
253,1378.05,1.19812,0.0338786,0.0151392,11689,1
254,647.378,7.86641,0.202516,0.126842,11689,0
255,654.311,9.20461,0.163496,0.150774,11689,0
256,669.115,10.4598,0.134279,0.124595,11689,0
257,528.829,8.07426,0.130484,0.100052,11689,0
258,474.52,8.71353,0.127482,0.102935,11689,0
259,465.674,7.31374,0.177321,0.0986985,11689,0
260,488.485,6.71053,0.286649,0.320903,11689,1
261,442.56,8.10044,0.458335,0.179024,11689,0
262,3866.36,2.13618,0.179431,0.028445,11689,1
263,411.056,6.11876,0.273328,0.102485,11689,0
264,449.651,6.59884,0.209058,0.182304,11689,0
265,488.104,6.35825,0.228498,0.128839,11689,0
266,494.523,6.28433,0.135498,0.104877,11689,0
267,482.89,5.86349,0.187191,0.0996858,11689,0
268,479.325,5.77074,0.142538,0.088744,11689,0
269,539.37,6.23944,0.114948,0.105415,11689,0
270,608.576,6.62309,0.178989,0.091292,11689,0
271,675.769,7.29884,0.137682,0.0940152,11689,0
272,633.762,7.64658,0.18454,0.110937,11689,0
273,476.15,7.02529,0.145108,0.0931079,11689,0
274,457.948,5.53897,0.213882,0.117635,11689,0
275,443.332,6.56153,0.193541,0.110833,11689,0
276,443.267,6.00492,0.385746,0.127522,11689,0
277,381.125,7.94628,0.185782,0.104457,11689,0
278,394.357,5.73758,0.241092,0.10584,11689,0
279,401.899,7.20274,0.133543,0.0928161,11689,0
280,397.506,6.57161,0.337153,0.1134,11689,0
281,356.775,8.86455,0.138696,0.10214,11689,0
282,431.023,7.13614,0.312205,0.118576,11689,0
283,499.842,9.20904,0.190084,0.134886,11689,0
284,492.611,7.32228,0.271417,0.105921,11689,0
285,551.721,11.1516,0.17988,0.102103,11689,0
286,595.904,7.17828,0.923431,0.16987,11689,0
287,594.904,8.02135,0.194013,0.103558,11689,0
288,596.163,7.10741,0.229938,0.129506,11689,0
289,528.199,10.7145,0.569348,0.140944,11689,0
290,449.232,15.8558,0.369605,0.156711,11689,0
291,436.398,8.54271,0.478925,0.103587,11689,0
292,431.331,11.3186,0.443294,0.127007,11689,0
293,375.452,5.74245,0.185624,0.0963741,11689,0
294,363.856,7.55086,0.431206,0.114524,11689,0
295,396.545,5.67304,0.298625,0.0879933,11689,0
296,395.882,8.69991,0.334487,0.118637,11689,0
297,373.413,7.35785,0.39832,0.112093,11689,0
298,398.506,7.49247,0.246562,0.0943652,11689,0
299,407.216,5.38696,0.273046,0.0825503,11689,0
300,463.349,5.35006,0.226015,0.0784454,11689,0
301,467.539,6.8149,0.220736,0.0953578,11689,0
302,564.589,7.31504,0.362512,0.136349,11689,0
303,612.418,11.8354,0.248893,0.129562,11689,0
304,770.138,1.0956,0.0370649,0.0102269,11689,1
305,691.516,1.33593,0.0506583,0.015506,11689,1
306,638.713,2.04414,0.178414,0.0398434,11689,0
307,625.829,1.33819,0.0627944,0.0116613,11689,1
308,644.855,1.30834,0.0411043,0.00953143,11689,1
309,622.793,1.47624,0.0502783,0.0115923,11689,1
310,630.292,1.22481,0.0197735,0.00992636,11689,1
311,619.567,1.56874,0.04939,0.0109222,11689,1
312,609.82,1.96757,0.0309442,0.0100546,11689,1
313,628.17,1.34624,0.0576731,0.0118128,11689,1
314,654.739,1.42261,0.0428547,0.00993432,11689,1
315,627.05,1.6477,0.0578518,0.0140328,11689,1
316,666.5,1.68382,0.0422897,0.0104294,11689,1
317,641.51,0.800574,0.0199931,0.0176957,11689,1
318,629.512,1.66854,0.068414,0.0164055,11689,1
319,652.473,1.47034,0.0418233,0.0106564,11689,1
320,499.231,7.01926,0.223178,0.133237,11689,0
321,403.547,6.32752,0.128865,0.124359,11689,0
322,345.712,7.08968,0.252181,0.135938,11689,0
323,331.68,7.10365,0.141306,0.129997,11689,0
324,318.428,8.8588,0.279406,0.207371,11689,0
325,235.749,7.5246,0.125363,0.120165,11689,0
326,258.216,7.71949,0.53342,0.179912,11689,0
327,231.42,6.95542,0.122313,0.116927,11689,0
328,288.129,6.87247,0.363067,0.136449,11689,0
329,214.958,6.76888,0.140132,0.105024,11689,0
330,264.874,7.02913,0.177502,0.144794,11689,0
331,179.264,6.88506,0.117465,0.117315,11689,1
332,281.294,7.55171,0.194945,0.203992,11689,1
333,310.313,7.40351,0.162541,0.156186,11689,0
334,359.42,8.98222,0.167145,0.153707,11689,1
335,401.293,8.29968,0.150583,0.166967,11689,0
336,541.684,8.41568,0.409628,0.284145,11689,1
337,420.939,6.8396,0.417872,0.140889,11689,0
338,369.385,5.43277,0.164491,0.10432,11689,0
339,359.74,1.92884,0.0855202,0.0348947,11689,1
340,390.044,5.14575,0.132775,0.132913,11689,0
341,339.732,9.81255,0.490612,0.220949,11689,0
342,341.847,6.1486,0.210418,0.126377,11689,1
343,340.792,6.37574,0.253333,0.141614,11689,0
344,369.675,6.05554,0.187909,0.141791,11689,0
345,372.582,7.36359,0.166345,0.164467,11689,0
346,355.581,6.52101,0.165445,0.146729,11689,0
347,384.924,8.22655,0.179424,0.202696,11689,0
348,379.138,8.29604,0.266289,0.16519,11689,0
349,455.418,5.6353,0.13145,0.136089,11689,0
350,542.246,7.62142,0.207241,0.137736,11689,0
351,629.859,7.47826,0.205371,0.162244,11689,0
352,584.45,11.7313,0.207623,0.261214,11689,0
353,575.251,8.17676,0.220867,0.109841,11689,0
354,570.317,5.40779,0.25405,0.255789,11689,0
355,566.274,7.21185,0.226602,0.114238,11689,0
356,458.121,5.52924,0.145605,0.0741611,11689,0
357,410.809,6.64004,0.168811,0.0806431,11689,0
358,423.214,6.74866,0.203072,0.0775733,11689,0
359,418.891,9.21069,0.218122,0.151191,11689,1
360,456.994,7.84623,0.146302,0.109836,11689,0
361,418.224,7.9402,0.347224,0.103471,11689,0
362,443.023,10.694,0.388388,0.272599,11689,0
363,483.977,7.88518,0.412655,0.116974,11689,0
364,515.19,6.49986,0.237412,0.128233,11689,0
365,489.188,7.29751,0.234707,0.103327,11689,0
366,513.819,7.79474,0.186307,0.133892,11689,0
367,580.068,6.91834,0.29705,0.174403,11689,0
368,527.733,6.04065,0.144679,0.126071,11689,0
369,439.441,10.5433,0.144322,0.134723,11689,0
370,346.353,6.51837,0.128252,0.0964785,11689,0
371,385.649,10.8942,0.156797,0.142948,11689,0
372,371.111,11.053,0.145878,0.148532,11689,0
373,450.569,9.18903,0.221974,0.140936,11689,0
374,426.17,7.60271,0.156188,0.142852,11689,0
375,408.323,6.43022,0.199568,0.0862836,11689,0
376,375.227,6.13079,0.177876,0.110373,11689,0
377,452.983,5.1563,0.162823,0.0928445,11689,0
378,405.502,5.6171,0.161701,0.0792974,11689,0
379,394.493,5.45897,0.200892,0.0738106,11689,0
380,421.333,5.38568,0.199439,0.0775024,11689,0
381,472.872,5.57449,0.183223,0.0874944,11689,0
382,536.363,5.34739,0.147531,0.0776816,11689,0
383,649.979,8.66542,0.394823,0.160906,11689,0
384,0,0,0,0,11689,1
385,0,0,0,0,11689,1
386,0,0,0,0,11689,1
387,0,0,0,0,11689,1
388,0,0,0,0,11689,1
389,0,0,0,0,11689,1
390,0,0,0,0,11689,1
391,0,0,0,0,11689,1
392,0,0,0,0,11689,1
393,0,0,0,0,11689,1
394,383,0,0,0,11689,1
395,383,0,0,0,11689,1
396,0,0,0,0,11689,1
397,0,0,0,0,11689,1
398,0,0,0,0,11689,1
399,576,0,0,0,11689,1
400,0,0,0,0,11689,1
401,0,0,0,0,11689,1
402,0,0,0,0,11689,1
403,0,0,0,0,11689,1
404,0,0,0,0,11689,1
405,0,0,0,0,11689,1
406,0,0,0,0,11689,1
407,0,0,0,0,11689,1
408,0,0,0,0,11689,1
409,0,0,0,0,11689,1
410,0,0,0,0,11689,1
411,0,0,0,0,11689,1
412,0,0,0,0,11689,1
413,0,0,0,0,11689,1
414,0,0,0,0,11689,1
415,0,0,0,0,11689,1
416,0,0,0,0,11689,1
417,0,0,0,0,11689,1
418,0,0,0,0,11689,1
419,0,0,0,0,11689,1
420,0,0,0,0,11689,1
421,0,0,0,0,11689,1
422,0,0,0,0,11689,1
423,0,0,0,0,11689,1
424,0,0,0,0,11689,1
425,0,0,0,0,11689,1
426,0,0,0,0,11689,1
427,0,0,0,0,11689,1
428,0,0,0,0,11689,1
429,0,0,0,0,11689,1
430,0,0,0,0,11689,1
431,0,0,0,0,11689,1
432,0,0,0,0,11689,1
433,0,0,0,0,11689,1
434,0,0,0,0,11689,1
435,0,0,0,0,11689,1
436,0,0,0,0,11689,1
437,0,0,0,0,11689,1
438,0,0,0,0,11689,1
439,0,0,0,0,11689,1
440,0,0,0,0,11689,1
441,0,0,0,0,11689,1
442,0,0,0,0,11689,1
443,0,0,0,0,11689,1
444,0,0,0,0,11689,1
445,0,0,0,0,11689,1
446,0,0,0,0,11689,1
447,0,0,0,0,11689,1
448,542.399,1.35783,0.0176516,0.00710301,11689,1
449,468.676,1.29476,0.0171889,0.00867844,11689,1
450,457.099,1.12662,0.0134961,0.00658098,11689,1
451,404.698,1.30936,0.0129595,0.00806785,11689,1
452,341.724,1.71767,0.0273899,0.0179286,11689,1
453,395.225,6.83239,0.261072,0.136399,11689,0
454,324.784,7.9194,0.216397,0.181832,11689,0
455,424.29,6.13519,0.279346,0.108083,11689,0
456,308.277,8.70792,0.344713,0.22984,11689,0
457,382.937,7.10049,0.161463,0.133653,11689,0
458,398.282,6.38243,0.210688,0.107176,11689,0
459,387.345,6.75758,0.213903,0.13803,11689,0
460,452.153,6.22408,0.294818,0.191597,11689,0
461,455.982,5.73316,0.139174,0.136187,11689,0
462,460.521,6.92245,0.755133,0.157169,11689,0
463,542.773,8.38476,0.230374,0.15422,11689,0
464,489.103,7.23041,0.148088,0.160401,11689,0
465,453.623,6.17222,0.135071,0.173319,11689,0
466,358.401,6.26578,0.127679,0.132833,11689,0
467,346.84,5.52794,0.124444,0.125437,11689,0
468,365.486,9.42901,0.194659,0.168647,11689,0
469,308.742,5.6012,0.18755,0.162345,11689,0
470,300.738,7.94199,0.139457,0.102783,11689,0
471,362.425,6.63295,0.212977,0.13179,11689,0
472,303.245,8.07661,0.199143,0.105193,11689,0
473,344.316,6.46872,0.415131,0.13493,11689,0
474,370.865,6.70043,0.156318,0.115107,11689,0
475,361.544,6.58461,0.707123,0.157901,11689,0
476,447.058,7.9171,0.283972,0.129825,11689,0
477,409.376,7.76697,0.356645,0.148049,11689,0
478,509.146,10.4787,0.403526,0.173662,11689,0
479,503.83,13.666,0.592777,0.25502,11689,0
480,561.437,9.59341,0.317834,0.189029,11689,0
481,467.852,6.00256,0.131014,0.0863454,11689,0
482,391.618,6.04134,0.16046,0.104857,11689,0
483,367.073,5.7931,0.117647,0.133418,11689,0
484,404.041,6.21141,0.138253,0.0839397,11689,0
485,408.363,7.33418,0.106501,0.0903397,11689,0
486,359.707,6.43376,0.258632,0.409098,11689,1
487,407.076,7.97817,0.125111,0.100431,11689,0
488,435.225,8.82817,0.150792,0.156217,11689,0
489,448.594,9.76103,0.240977,0.128978,11689,0
490,497.961,10.8319,0.177057,0.146756,11689,0
491,469.212,6.5945,0.124341,0.0888129,11689,0
492,479.277,6.58906,0.113727,0.0901403,11689,0
493,517.515,14.1635,0.228244,0.17357,11689,0
494,575.544,13.1063,0.170752,0.150229,11689,0
495,582.441,7.93476,0.181155,0.164056,11689,0
496,585.101,7.90624,0.690143,0.185723,11689,0
497,612.225,9.08026,0.135825,0.114171,11689,0
498,526.451,9.95643,0.2517,0.157889,11689,0
499,509.147,7.95816,0.165701,0.11441,11689,0
500,550.276,8.33748,0.147268,0.107981,11689,0
501,511.645,8.65674,0.380245,0.428468,11689,0
502,461.347,6.39247,0.111273,0.0974293,11689,0
503,442.644,8.26997,0.150547,0.113073,11689,0
504,425.191,7.39844,0.117926,0.0939776,11689,0
505,461.025,10.5333,0.112342,0.124,11689,0
506,397.323,8.30102,0.101612,0.103036,11689,0
507,442.434,10.9537,0.168233,0.129349,11689,0
508,433.4,8.96341,0.112547,0.106744,11689,0
509,479.853,13.1314,0.151239,0.125128,11689,0
510,511.778,6.97329,0.130437,0.10341,11689,0
511,557.9,8.53468,0.162981,0.140982,11689,0
512,643.951,3.0642,0.190484,0.19588,11689,0
513,560.454,6.58497,0.308604,0.0752682,11689,0
514,470.739,5.06584,0.162827,0.0602647,11689,0
515,521.245,5.70944,0.355838,0.132653,11689,0
516,480.311,4.5598,0.138852,0.0550987,11689,0
517,568.069,7.37563,0.534665,0.119164,11689,0
518,380.795,6.26445,0.195232,0.0951359,11689,0
519,432.273,6.99907,0.298815,0.0849864,11689,0
520,430.605,5.90087,0.190395,0.0667299,11689,0
521,428.73,6.68291,0.225673,0.08837,11689,0
522,458.792,5.57129,0.129523,0.0680704,11689,0
523,460.999,6.48314,0.164999,0.0671074,11689,0
524,415.281,6.00911,0.146586,0.067672,11689,0
525,496.659,5.90085,0.108316,0.0818224,11689,0
526,549.632,6.41081,0.156122,0.067863,11689,0
527,586.914,4.9623,0.116085,0.0571768,11689,0
528,543.845,6.00692,0.237564,0.0680745,11689,0
529,521.793,5.29336,0.221184,0.0663771,11689,0
530,441.327,11.5292,0.365385,0.316303,11689,0
531,360.53,7.13092,0.447416,0.3391,11689,1
532,289.885,13.0154,0.331039,0.370561,11689,1
533,327.116,4.61518,0.105449,0.0577155,11689,0
534,270.066,7.26079,0.146853,0.070288,11689,0
535,323.226,3.95036,0.080131,0.0634106,11689,0
536,262.476,6.64447,0.144158,0.119666,11689,0
537,354.946,8.84034,0.349792,0.134622,11689,1
538,307.547,10.0718,0.326806,0.204649,11689,0
539,316.76,9.22741,0.121891,0.117598,11689,0
540,362.958,10.8724,0.655885,0.229323,11689,1
541,395.169,7.00312,0.086826,0.0714867,11689,0
542,406.605,7.61618,0.561249,0.204369,11689,1
543,4095,0,0,0,11689,1
544,742.867,10.2094,0.19655,0.0977073,11689,0
545,602.117,7.57624,0.094524,0.0991529,11689,0
546,445.848,5.66333,0.103929,0.0661695,11689,0
547,548.638,6.97411,0.100721,0.088442,11689,0
548,434.418,5.14542,0.1145,0.0756928,11689,0
549,454.781,4.22911,0.145469,0.0661254,11689,0
550,428.819,5.08138,0.079258,0.0614363,11689,0
551,435.267,8.06356,0.175772,0.135655,11689,0
552,390.361,4.79122,0.113253,0.0824475,11689,0
553,413.976,6.90197,0.105768,0.0901201,11689,0
554,409.745,6.40698,0.110128,0.0799645,11689,0
555,2070.41,1.28126,0.00254158,0.00871385,11689,1
556,533.577,5.84883,0.168903,0.0888602,11689,1
557,505.371,6.06973,0.10424,0.0799716,11689,0
558,630.706,7.73537,0.108097,0.0767737,11689,0
559,718.523,6.30871,0.239483,0.0809668,11689,0
560,560.041,7.73506,0.165225,0.107197,11689,0
561,516.64,3.42877,0.0783502,0.0983255,11689,0
562,414.661,5.76623,0.0812759,0.0710628,11689,0
563,482.216,4.75812,0.138134,0.0587048,11689,0
564,388.352,3.67352,0.0847035,0.0703261,11689,0
565,371.092,4.24598,0.129099,0.0611518,11689,0
566,372.724,4.16519,0.0738246,0.0541142,11689,0
567,367.366,4.62161,0.125622,0.102042,11689,0
568,356.435,5.26317,0.0716184,0.0601291,11689,0
569,408.344,5.69279,0.0810041,0.0761132,11689,0
570,498.986,5.93763,0.12887,0.0884347,11689,0
571,405.862,5.99174,0.0729012,0.0750398,11689,0
572,550.75,6.03683,0.10837,0.0788672,11689,0
573,490.575,6.20746,0.118972,0.119987,11689,0
574,575.073,6.66394,0.188772,0.144698,11689,0
575,649.778,10.1299,0.129209,0.159446,11689,0
576,603.353,4.95693,0.145129,0.0736666,11689,0
577,497.025,4.88017,0.144354,0.0626597,11689,0
578,498.637,9.65263,0.279279,0.126676,11689,0
579,482.725,4.65904,0.104321,0.0605044,11689,0
580,423.429,5.08748,0.274137,0.0684145,11689,0
581,434.639,5.14878,0.135182,0.0816987,11689,0
582,459.096,4.94166,0.291736,0.0715745,11689,0
583,429.032,4.54617,0.13239,0.0681422,11689,0
584,470.871,5.84028,0.453152,0.0790949,11689,0
585,447.027,5.86291,0.167111,0.0773501,11689,0
586,484.915,7.17789,0.388189,0.0835678,11689,0
587,453.452,4.9532,0.157894,0.0611606,11689,0
588,577.538,7.98966,0.469907,0.119938,11689,0
589,3139.06,4.13256,0.198877,0.0566546,11689,1
590,628.828,8.13651,0.332066,0.10592,11689,0
591,681.518,6.38814,0.108714,0.0859727,11689,0
592,524.108,8.60789,0.207086,0.148756,11689,0
593,484.655,6.078,0.37276,0.0918758,11689,0
594,437.633,5.62037,0.160754,0.0742415,11689,0
595,417.138,1.87475,0.0414562,0.0213296,11689,1
596,422.85,5.51652,0.156073,0.065027,11689,0
597,472.138,9.26046,0.607453,0.108073,11689,0
598,3883.53,9.62829,0.203873,0.0663336,11689,1
599,359.493,5.07111,0.131916,0.0684098,11689,0
600,403.308,4.94088,0.129419,0.0569113,11689,0
601,417.378,5.22523,0.119067,0.0606959,11689,0
602,522.165,4.80592,0.12652,0.0514666,11689,0
603,458.784,5.82493,0.15691,0.069145,11689,0
604,486.211,5.4251,0.112471,0.0638029,11689,0
605,467.289,7.71495,0.158574,0.0775865,11689,0
606,710.286,5.12907,0.141647,0.09276,11689,0
607,556.703,4.96411,0.137521,0.0670939,11689,0
608,4095,0,0,0,11689,1
609,3686.9,14.3211,0.807284,0.256512,11689,1
610,4095,0,0,0,11689,1
611,3737.34,16.9207,0.597881,0.319318,11689,1
612,4095,0,0,0,11689,1
613,3661.26,4.36268,0.265589,0.0285824,11689,1
614,3659.51,3.60439,0.218159,0.0439498,11689,1
615,3826.53,10.5309,1.28666,0.507921,11689,1
616,3517.65,6.45412,0.348551,0.100096,11689,1
617,3901.24,9.84443,0.502573,0.493207,11689,1
618,3922.27,4.5359,0.247544,0.0335761,11689,1
619,3505.7,7.86102,1.06081,0.326535,11689,1
620,3722.38,4.19087,0.232819,0.0390469,11689,1
621,3873.35,6.7169,0.679944,0.390517,11689,1
622,3730.78,4.05877,0.181051,0.047873,11689,1
623,4095,0,0,0,11689,1
624,753.608,7.3465,0.131398,0.0837786,11689,0
625,540.253,6.13564,0.0848349,0.0722625,11689,0
626,463.62,5.64409,0.0861389,0.0710437,11689,0
627,454.197,3.99672,0.0848025,0.064123,11689,0
628,412.548,4.43187,0.0758855,0.0585111,11689,0
629,395.09,4.7006,0.0683655,0.0554738,11689,0
630,430.419,4.53409,0.0832992,0.0568962,11689,0
631,511,0,0,0,11689,1
632,396.902,6.139,0.0716825,0.0638027,11689,0
633,432.786,7.01676,0.087805,0.0800349,11689,0
634,439.519,5.78591,0.0932083,0.094558,11689,0
635,497.48,5.65011,0.089876,0.0743689,11689,0
636,487.035,4.89396,0.0763649,0.0630657,11689,0
637,537.987,5.22292,0.101426,0.0658189,11689,0
638,637.141,4.97955,0.150246,0.0833285,11689,0
639,709.818,5.8835,0.322662,0.179992,11689,0
640,573.473,12.0491,0.189762,0.142593,11689,0
641,493.888,7.15089,0.167303,0.0899038,11689,0
642,415.431,8.82856,0.073861,0.103936,11689,0
643,420.833,6.70607,0.136156,0.0792896,11689,0
644,388.323,7.94186,0.0865938,0.129999,11689,0
645,449.279,8.38085,0.135073,0.110736,11689,0
646,373.877,7.93606,0.0985198,0.11089,11689,0
647,399.833,7.16846,0.106235,0.082233,11689,0
648,346.672,6.3167,0.0617445,0.0781253,11689,0
649,444.703,6.60803,0.166019,0.101651,11689,0
650,342.44,7.1989,0.0726607,0.0866182,11689,0
651,456.205,4.99364,0.0832432,0.0630702,11689,0
652,425.605,6.44924,0.0856158,0.0838214,11689,0
653,528.627,6.0403,0.169352,0.0647993,11689,0
654,546.089,9.82122,0.0992091,0.11386,11689,0
655,666.255,4.89078,0.104081,0.0664388,11689,0
656,602.1,7.76926,0.189016,0.085258,11689,1
657,474.298,5.1055,0.131272,0.0844767,11689,0
658,536.56,7.62944,0.224508,0.113063,11689,0
659,372.796,5.13308,0.201068,0.145798,11689,0
660,465.27,7.76994,0.135894,0.0725283,11689,0
661,398.565,3.85822,0.0893603,0.0741966,11689,0
662,330.483,13.258,0.456859,0.241776,11689,0
663,362.072,3.887,0.0992233,0.0857733,11689,1
664,353.291,9.09826,0.176696,0.119929,11689,1
665,356.847,5.15764,0.102321,0.0775252,11689,1
666,356.541,12.5497,0.185651,0.235739,11689,1
667,409.243,5.31774,0.119278,0.0614359,11689,0
668,460.677,7.13946,0.0929037,0.0856436,11689,0
669,551.756,6.33362,0.108317,0.0923298,11689,1
670,560.515,6.49192,0.127041,0.0876126,11689,0
671,654.669,5.79709,0.12541,0.0704215,11689,0
672,604.041,6.25489,0.251733,0.0936842,11689,1
673,417.138,3.65328,0.0753121,0.0579659,11689,0
674,364.576,3.48036,0.115635,0.096834,11689,0
675,288.087,3.26696,0.0719396,0.0616192,11689,0
676,346.043,2.79545,0.0632695,0.0498473,11689,0
677,339.518,3.49572,0.0660457,0.0531748,11689,0
678,3636.13,1.93425,0.0508355,0.0129514,11689,1
679,289.436,3.47757,0.0763482,0.0382836,11689,0
680,330.708,3.12374,0.0661522,0.0499867,11689,0
681,270.708,3.84235,0.0675629,0.0482674,11689,0
682,300.422,3.43355,0.0973525,0.0750513,11689,0
683,310.51,3.99947,0.0845028,0.05506,11689,0
684,352.909,3.4182,0.0587603,0.0496694,11689,0
685,398.335,3.52099,0.0620285,0.0580139,11689,0
686,458.552,3.29165,0.0591611,0.0444698,11689,0
687,611.314,8.80179,0.18573,0.118856,11689,0
688,639.494,10.7548,0.370841,0.158949,11689,0
689,478.994,3.21173,0.0968278,0.0503326,11689,1
690,501.665,3.66535,0.105851,0.0642017,11689,0
691,445.358,3.56394,0.128101,0.0771423,11689,0
692,505.612,2.69323,0.0729448,0.0503044,11689,0
693,461.814,2.85505,0.0461401,0.0411396,11689,0
694,422.87,2.50621,0.0562525,0.0479997,11689,0
695,466.653,3.61565,0.397668,0.265146,11689,1
696,446.955,3.05381,0.119902,0.121087,11689,0
697,460.772,2.82514,0.0652077,0.0465993,11689,0
698,504.936,2.81007,0.0566413,0.0471852,11689,0
699,485.419,3.00259,0.0641596,0.0477397,11689,0
700,533.367,2.95391,0.0640195,0.0458796,11689,0
701,504.251,2.91326,0.118633,0.045895,11689,0
702,550.727,2.83639,0.0639541,0.0661044,11689,0
703,654.304,6.37585,0.167957,0.0653305,11689,0
704,608.919,6.75881,0.101093,0.075275,11689,0
705,532.307,6.37298,0.133956,0.0626857,11689,0
706,478.379,6.98028,0.153724,0.0902738,11689,0
707,453.654,4.88374,0.0966519,0.105749,11689,0
708,414.663,8.02205,0.272386,0.117438,11689,1
709,435.151,12.3262,0.155525,0.0883752,11689,0
710,461.305,6.2001,0.112179,0.074098,11689,0
711,359.27,4.68089,0.102275,0.0908039,11689,1
712,434.612,6.68204,0.135469,0.114251,11689,0
713,351.28,5.68319,0.118896,0.0623675,11689,0
714,396.453,5.37219,0.0875566,0.0641941,11689,0
715,482.037,8.6773,0.135479,0.0923748,11689,0
716,485.558,5.71577,0.306948,0.074524,11689,0
717,466.576,7.94179,0.119662,0.082275,11689,0
718,560.638,6.88829,0.203838,0.115223,11689,0
719,583.83,5.90456,0.107367,0.0960292,11689,0
720,524.319,9.94466,0.125934,0.109136,11689,0
721,452.526,2.19583,0.0913563,0.0351748,11689,0
722,359.027,9.78444,0.167015,0.101786,11689,0
723,423.596,8.93834,0.213198,0.0933884,11689,0
724,413.624,5.83994,0.113084,0.0582478,11689,0
725,330.026,7.02421,0.130381,0.093219,11689,0
726,410.691,5.13913,0.129545,0.0513139,11689,0
727,351.985,7.15972,0.410282,0.0810554,11689,0
728,318.613,8.15689,0.182212,0.102677,11689,0
729,462.98,6.12172,0.201626,0.0659453,11689,0
730,353.256,6.95446,0.113985,0.074221,11689,0
731,332.66,6.65475,0.215112,0.0927176,11689,0
732,472.782,6.12488,0.15745,0.0622379,11689,0
733,467.437,7.39553,0.164142,0.0683996,11689,0
734,451.731,5.48952,0.12843,0.082198,11689,0
735,546.562,6.73689,0.150312,0.074491,11689,0
736,457.166,5.68433,0.142277,0.0720432,11689,0
737,369.511,5.85865,0.0965649,0.112726,11689,0
738,350.66,6.30762,0.0813466,0.0807272,11689,0
739,277.323,5.43298,0.0608671,0.0622656,11689,0
740,302.078,5.27981,0.0558593,0.0531872,11689,0
741,258.298,4.71967,0.148111,0.296475,11689,0
742,246.326,4.36005,0.062308,0.0427965,11689,1
743,232.001,6.08046,0.0605555,0.0693163,11689,0
744,219.209,5.3617,0.0530674,0.0623134,11689,0
745,207.611,5.70149,0.0566987,0.0629286,11689,0
746,196.851,8.0008,0.138304,0.0977046,11689,1
747,127,0,0,0,11689,1
748,256.961,4.21643,0.0830375,0.0764644,11689,0
749,335.996,4.41317,0.053343,0.0476587,11689,0
750,460.096,4.22393,0.0575532,0.0455122,11689,0
751,2904.44,1.31386,0.000851257,0.0149248,11689,1
752,593.991,6.56387,0.304254,0.0821458,11689,0
753,476.439,4.12055,0.0629143,0.0448194,11689,0
754,401.542,3.3889,0.0602963,0.0371571,11689,0
755,448.986,3.87088,0.127542,0.050015,11689,0
756,389.511,3.19912,0.0499823,0.0406342,11689,0
757,379.722,4.24007,0.127858,0.0941236,11689,0
758,456.271,3.01269,0.0542907,0.038512,11689,0
759,363.086,4.58034,0.0652737,0.0890619,11689,0
760,399.963,2.75953,0.0557305,0.0403433,11689,0
761,427.224,3.47108,0.0607521,0.0398251,11689,0
762,417.457,3.78326,0.0667263,0.0399239,11689,0
763,465.613,3.76294,0.0633571,0.0415016,11689,0
764,485.856,3.53741,0.0483493,0.0486743,11689,0
765,497.154,4.7459,0.0703373,0.0619605,11689,0
766,498.789,3.80555,0.0837835,0.0974863,11689,0
767,565.468,5.37809,0.0930928,0.0782483,11689,0
768,616.406,6.15944,0.155326,0.0783885,11689,0
769,533.845,6.2576,0.0928308,0.075863,11689,0
770,454.943,4.56106,0.122799,0.0738662,11689,0
771,454.481,3.98482,0.0984405,0.0647697,11689,0
772,406.369,5.13602,0.0810193,0.0627528,11689,0
773,444.507,5.66774,0.202747,0.0877082,11689,0
774,416.162,5.22856,0.16901,0.0672562,11689,0
775,376.032,5.65964,0.381869,0.111012,11689,0
776,445.177,7.14332,0.31645,0.101942,11689,0
777,425.32,7.68314,0.452143,0.0830905,11689,0
778,465.172,6.31523,0.185124,0.0687521,11689,0
779,490.067,6.5037,0.157112,0.0796471,11689,0
780,524.146,6.55049,0.168514,0.0782421,11689,0
781,610.684,5.85763,0.088177,0.0698576,11689,0
782,607.888,8.13969,0.193908,0.0898878,11689,0
783,671.022,8.14885,0.101646,0.0940043,11689,0
784,538.12,8.39393,0.1225,0.123206,11689,1
785,493.659,10.8108,0.274081,0.328082,11689,1
786,403.853,6.5394,0.115726,0.111532,11689,1
787,329.718,5.37786,0.0756131,0.0457748,11689,0
788,348.689,10.6656,0.289626,0.103435,11689,1
789,388.837,3.88869,0.0871393,0.0855293,11689,0
790,316.021,13.0293,0.637539,0.323997,11689,0
791,323.877,6.98213,0.111285,0.312821,11689,0
792,323.822,3.36523,0.103129,0.122034,11689,0
793,341.847,8.39349,0.307536,0.221412,11689,1
794,398.5,5.90135,0.101684,0.0514897,11689,1
795,428.67,6.48412,0.136025,0.134612,11689,1
796,455.452,4.54015,0.0814058,0.0508427,11689,0
797,519.26,5.26289,0.106619,0.0953023,11689,0
798,569.1,10.8685,0.399587,0.165358,11689,0
799,608.301,26.4177,0.341032,0.083743,11689,1
800,508.551,7.40347,0.106071,0.104288,11689,0
801,399.507,4.01719,0.173981,0.0834819,11689,1
802,416.885,4.10807,0.0586641,0.0605137,11689,0
803,374.176,2.80186,0.0537931,0.0398951,11689,0
804,419.293,4.73426,0.0763006,0.0594586,11689,0
805,332.865,3.92474,0.0539601,0.0537613,11689,0
806,361.517,4.73282,0.0697943,0.0451443,11689,0
807,330.695,4.25077,0.0565326,0.0524615,11689,0
808,339.155,5.14466,0.0544351,0.0606797,11689,0
809,329.618,4.54355,0.0566776,0.0542017,11689,0
810,393.22,4.4298,0.073321,0.0557048,11689,0
811,393.083,4.64241,0.061605,0.0567723,11689,0
812,462.251,5.15876,0.0541049,0.0557248,11689,0
813,384.263,5.65585,0.0874156,0.075864,11689,0
814,516.829,4.27999,0.0677134,0.0604617,11689,0
815,525.865,6.85399,0.125671,0.0822727,11689,0
816,1479.82,9.84343,0.857148,0.327083,11689,1
817,1413.85,8.30181,0.872016,0.271728,11689,1
818,1308.01,7.26664,0.634373,0.231561,11689,1
819,1294.33,7.54072,0.623036,0.247314,11689,1
820,1261.17,6.95429,0.583772,0.229217,11689,1
821,1284.55,8.4389,0.769839,0.273942,11689,1
822,1314.35,7.50386,0.629422,0.234951,11689,1
823,1333.5,7.94862,0.766388,0.269748,11689,1
824,1298.73,7.56682,0.638022,0.230037,11689,1
825,1324.26,7.84769,0.720572,0.271401,11689,1
826,1357.1,8.2533,0.687388,0.2532,11689,1
827,1242.68,7.01301,0.61662,0.203008,11689,1
828,1370.15,8.17605,0.660294,0.251465,11689,1
829,1275.62,8.32551,0.815112,0.290859,11689,1
830,1400.47,8.76066,0.794288,0.284041,11689,1
831,1339.91,9.25792,1.13678,0.591245,11689,1
832,665.234,5.00941,0.130038,0.0974116,11689,1
833,541.343,4.53229,0.121233,0.069963,11689,0
834,469.979,5.22957,0.130379,0.0632375,11689,0
835,438.289,4.14668,0.0919307,0.0527212,11689,0
836,426.209,6.23249,0.16815,0.0686015,11689,0
837,432.685,4.48299,0.0962518,0.0638978,11689,0
838,365.928,6.23143,0.117132,0.0590592,11689,0
839,398.349,4.74027,0.156966,0.0783558,11689,0
840,378.039,6.38661,0.0924673,0.0773018,11689,0
841,418.891,4.67118,0.109086,0.0593075,11689,0
842,394.724,5.65094,0.0720586,0.0873233,11689,0
843,445.617,5.14581,0.152,0.0761284,11689,0
844,470.172,7.85009,0.117885,0.083838,11689,0
845,560.618,5.4892,0.0918867,0.052583,11689,0
846,637.348,7.53626,0.147143,0.0830779,11689,0
847,728.987,6.26654,0.1024,0.0675645,11689,0
848,596.829,5.43831,0.120027,0.0862029,11689,0
849,492.512,4.38837,0.145641,0.0862528,11689,0
850,457.001,5.24967,0.0749944,0.0685199,11689,0
851,442.509,2.11314,0.0511031,0.0274791,11689,0
852,421.342,6.06088,0.117563,0.0689671,11689,0
853,430.54,7.39749,0.201646,0.0855168,11689,0
854,410.444,5.20746,0.118411,0.0581039,11689,0
855,378.242,4.02053,0.141771,0.0899806,11689,0
856,411.545,4.75849,0.124959,0.0617399,11689,0
857,406.52,4.6338,0.0893501,0.0625553,11689,0
858,456.17,4.84828,0.144992,0.110514,11689,0
859,452.321,4.94192,0.0950866,0.0805432,11689,0
860,493.935,5.43354,0.122554,0.0616385,11689,0
861,492.983,5.13465,0.0885147,0.0648585,11689,0
862,575.409,7.55515,0.256954,0.0912426,11689,0
863,608.634,5.71046,0.124971,0.0727257,11689,0
864,544.344,7.03718,0.117741,0.083369,11689,0
865,491.72,3.81647,0.0921289,0.0518969,11689,0
866,444.423,1.99357,0.0990166,0.0929936,11689,1
867,426.363,3.43548,0.0609827,0.0421145,11689,0
868,422.894,3.66281,0.0736045,0.0496912,11689,0
869,399.936,3.70906,0.0564209,0.0466534,11689,0
870,400.231,4.16975,0.0683718,0.0445498,11689,0
871,387.416,2.98672,0.0500061,0.046134,11689,0
872,376.147,3.43853,0.0550421,0.0427989,11689,0
873,327.083,3.35061,0.0601405,0.0367223,11689,0
874,382.477,3.95379,0.219695,0.14981,11689,0
875,407.758,3.89651,0.0614229,0.0465853,11689,0
876,410.796,3.63911,0.0630369,0.0459489,11689,0
877,453.982,2.95802,0.0534608,0.0425746,11689,0
878,523.333,3.5889,0.0839118,0.0425616,11689,0
879,589.066,4.99349,0.108251,0.0723287,11689,0
880,722.457,5.95652,0.196575,0.0759556,11689,0
881,520.76,3.40908,0.0594968,0.039004,11689,0
882,437.191,3.62293,0.0781474,0.0401724,11689,0
883,411.113,3.83137,0.0614317,0.0435087,11689,0
884,345.044,3.84882,0.0713765,0.0451049,11689,0
885,345.203,3.84111,0.0688994,0.0414836,11689,0
886,375.892,4.17184,0.0758252,0.0537383,11689,0
887,381.765,4.54298,0.11422,0.0699028,11689,0
888,346.152,3.18492,0.0512412,0.0481833,11689,0
889,374.949,3.92257,0.0576907,0.0436386,11689,0
890,382.422,4.76616,0.0755806,0.0528875,11689,0
891,430.679,4.87308,0.0787099,0.045953,11689,0
892,415.665,3.60297,0.0635552,0.0453994,11689,0
893,507.753,4.96187,0.138232,0.0717007,11689,0
894,510.542,4.45738,0.111717,0.0687565,11689,0
895,628.484,7.6477,0.22474,0.114404,11689,0
896,470.816,8.95093,0.171753,0.101886,11689,0
897,465.294,7.59674,0.180757,0.0928311,11689,0
898,349.377,7.51818,0.129396,0.0907916,11689,0
899,464.918,6.16099,0.137937,0.0830312,11689,0
900,365.117,7.41198,0.139268,0.0880304,11689,0
901,395.351,5.36566,0.103914,0.0768619,11689,0
902,336.633,6.6651,0.118391,0.0787681,11689,0
903,348.326,6.8777,0.138848,0.0988231,11689,0
904,316.052,9.3121,0.317416,0.135985,11689,0
905,344.122,5.93741,0.338637,0.15765,11689,1
906,341.331,6.76392,0.0816332,0.083116,11689,0
907,400.893,5.13829,0.119894,0.0906787,11689,0
908,395.983,5.81026,0.0863853,0.0763703,11689,0
909,401.409,4.96109,0.208778,0.0808106,11689,0
910,458.443,4.95442,0.0826473,0.0635214,11689,0
911,500.722,5.10986,0.0842355,0.0774293,11689,0
912,503.243,5.96295,0.130404,0.123337,11689,0
913,470.497,4.8023,0.111421,0.0981992,11689,0
914,449.645,6.67336,0.216155,0.158775,11689,0
915,389.326,2.94075,0.0824018,0.0484379,11689,0
916,475.522,7.62226,0.133413,0.0958603,11689,0
917,392.473,4.05821,0.100888,0.0632617,11689,0
918,361.518,8.06082,0.420905,0.334476,11689,1
919,346.898,4.14653,0.071641,0.0783343,11689,0
920,327.539,8.26509,0.208122,0.196572,11689,0
921,352.482,5.11153,0.256578,0.258131,11689,1
922,390.53,5.89883,0.108663,0.119865,11689,0
923,2261.49,1.03717,0.0668674,0.0126088,11689,1
924,389.502,5.39999,0.123064,0.154362,11689,0
925,452.482,2.0576,0.0449787,0.0220102,11689,0
926,489.914,10.0206,0.158085,0.179602,11689,1
927,574.416,7.80267,0.184844,0.166708,11689,0
928,597.35,7.3768,0.19925,0.0907997,11689,0
929,469.079,3.35183,0.0629499,0.0662769,11689,0
930,415.338,3.49235,0.0595497,0.0618427,11689,0
931,377.001,4.86573,0.182005,0.109781,11689,0
932,403.798,3.52912,0.0667801,0.0616905,11689,0
933,348.336,3.96137,0.0622975,0.0546204,11689,0
934,347.568,3.83076,0.0608183,0.0573968,11689,0
935,402.666,4.73033,0.0559828,0.050038,11689,0
936,387.581,3.72296,0.0561817,0.0782927,11689,0
937,342.902,3.97409,0.0525056,0.0527706,11689,0
938,418.657,4.22667,0.0546792,0.0546858,11689,0
939,453.864,3.51672,0.0650359,0.0559443,11689,0
940,495.42,4.07693,0.0521308,0.0622359,11689,0
941,445.688,6.08994,0.159672,0.0914479,11689,0
942,504.81,3.97979,0.0694126,0.0660093,11689,0
943,613.519,7.00891,0.188185,0.0973636,11689,0
944,604.39,8.62311,0.193395,0.110157,11689,0
945,461.134,3.43707,0.0753517,0.0723956,11689,0
946,416.513,6.16047,0.299328,0.0929636,11689,1
947,390.12,2.9474,0.0720191,0.0546888,11689,0
948,414.091,4.01138,0.105766,0.0680717,11689,1
949,374.317,3.71443,0.0687331,0.0838746,11689,0
950,438.352,3.02219,0.105607,0.0888896,11689,0
951,371.61,4.38575,0.106295,0.0776067,11689,0
952,387.99,2.69409,0.0585422,0.0596562,11689,0
953,371.933,3.31758,0.0893866,0.0649403,11689,0
954,354.422,3.04813,0.074409,0.0636401,11689,0
955,394.252,3.17442,0.0715495,0.0624304,11689,0
956,404.034,4.14159,0.162324,0.181767,11689,1
957,513.908,3.32995,0.096931,0.0905154,11689,0
958,576.36,3.2675,0.116234,0.0852244,11689,0
959,567.441,5.97622,0.129307,0.0936231,11689,0
960,518.252,4.91812,0.155305,0.0830205,11689,0
961,372.323,5.41706,0.145695,0.0604742,11689,0
962,340.804,7.15345,0.125726,0.0828985,11689,0
963,336.679,5.76762,0.131306,0.0625897,11689,0
964,304.433,7.9836,0.107478,0.0965088,11689,0
965,278.186,5.47205,0.166332,0.0715741,11689,0
966,332.062,4.86763,0.118515,0.0549077,11689,0
967,291.888,5.58607,0.144765,0.0650953,11689,0
968,327.391,4.45323,0.11375,0.0682255,11689,0
969,310.406,5.55118,0.164584,0.0928421,11689,0
970,299.735,5.05181,0.164324,0.0716351,11689,0
971,267.916,5.31156,0.120535,0.0603918,11689,0
972,361.799,5.00331,0.442045,0.0689453,11689,0
973,366.329,8.83231,0.167164,0.0815415,11689,0
974,407.586,5.01303,0.187123,0.0680818,11689,0
975,435.119,7.61633,0.160938,0.095943,11689,0
976,605.021,6.78948,0.16447,0.0799342,11689,0
977,489.31,9.634,0.110518,0.10994,11689,0
978,487.605,5.91963,0.191494,0.066855,11689,0
979,399.755,8.50944,0.1307,0.144093,11689,0
980,387.217,5.5738,0.155169,0.0690283,11689,0
981,399.909,5.58361,0.107216,0.0601299,11689,0
982,416.973,5.98299,0.246363,0.0720231,11689,0
983,398.43,5.47506,0.227657,0.0662,11689,0
984,412.118,5.06394,0.118407,0.0597116,11689,1
985,383.992,6.26409,0.281469,0.0893242,11689,0
986,382.192,7.51668,0.225482,0.0851811,11689,0
987,420.459,4.31489,0.116682,0.06201,11689,1
988,409.807,6.66043,0.10446,0.0666768,11689,0
989,487.285,6.18963,0.177633,0.0718086,11689,0
990,513.555,6.07191,0.12845,0.0830115,11689,0
991,563.917,5.74794,0.171437,0.0700156,11689,0
992,631.15,7.29065,0.225898,0.124144,11689,0
993,478.925,5.95956,0.080399,0.063965,11689,0
994,405.585,7.19398,0.0723442,0.0747852,11689,0
995,466.329,5.37931,0.0590765,0.0602024,11689,0
996,392.543,4.48026,0.0582171,0.0441142,11689,0
997,383.071,7.48301,0.123897,0.103505,11689,0
998,413.127,5.59647,0.0623992,0.0557359,11689,0
999,418.346,5.24026,0.0607492,0.0558782,11689,0
1000,379.95,5.88378,0.0723279,0.0649766,11689,0
1001,477.483,5.23977,0.0552192,0.0569726,11689,0
1002,475.04,5.01279,0.0621929,0.0552818,11689,0
1003,424.942,4.31975,0.0598125,0.0545006,11689,0
1004,517.487,3.41941,0.0543934,0.0368905,11689,0
1005,497.531,5.58514,0.079101,0.0774437,11689,0
1006,541.663,4.65304,0.0688763,0.0469093,11689,0
1007,656.768,7.87637,0.140711,0.0895899,11689,0
1008,440.176,9.56199,0.378861,0.153271,11689,0
1009,433.594,5.24677,0.0863094,0.0605879,11689,0
1010,363.781,5.25698,0.0805878,0.0668825,11689,0
1011,336.773,4.41452,0.0716109,0.0491997,11689,0
1012,314.878,5.36628,0.101614,0.0998115,11689,0
1013,324.009,5.79748,0.180181,0.135455,11689,0
1014,275.177,5.09838,0.0717339,0.053247,11689,0
1015,301.545,4.35925,0.0624152,0.051236,11689,0
1016,305.003,5.25356,0.0885675,0.0596319,11689,0
1017,241.091,5.6254,0.0685001,0.069834,11689,0
1018,244.883,5.22704,0.0787217,0.0631308,11689,0
1019,265.388,5.86029,0.286911,0.141684,11689,1
1020,339.798,5.62295,0.0653205,0.0588852,11689,0
1021,368.192,5.75435,0.10963,0.0739494,11689,0
1022,428.278,6.03905,0.0832372,0.0640373,11689,0
1023,499.682,12.922,0.242395,0.178971,11689,0
1024,580.575,11.5013,0.229263,0.133867,11689,0
1025,496.12,8.08985,0.230949,0.094448,11689,0
1026,417.226,6.09832,0.148268,0.138365,11689,1
1027,457.825,6.21207,0.220179,0.0764608,11689,0
1028,408.617,7.6208,0.1243,0.0794673,11689,0
1029,427.681,6.09262,0.259024,0.0745858,11689,0
1030,365.676,8.23151,0.147446,0.111127,11689,0
1031,383.334,5.78859,0.22256,0.0770341,11689,0
1032,375.992,8.43383,0.120305,0.121088,11689,0
1033,457.868,5.40312,0.507386,0.0877408,11689,0
1034,346.957,8.04633,0.126837,0.081699,11689,0
1035,527.994,6.30151,0.303809,0.107772,11689,1
1036,485.785,7.75082,0.151817,0.0942873,11689,0
1037,521.74,5.15141,0.186127,0.072349,11689,0
1038,542.203,7.37365,0.127303,0.0805782,11689,0
1039,671.506,7.26703,0.121727,0.0978941,11689,0
1040,564.422,9.82851,0.156723,0.17185,11689,0
1041,453.738,9.45003,0.143518,0.13521,11689,0
1042,415.231,5.97025,0.143573,0.0839161,11689,0
1043,367.152,9.48762,0.2212,0.220942,11689,0
1044,353.131,6.27531,0.186268,0.100391,11689,0
1045,282.63,5.98696,0.141385,0.0911882,11689,1
1046,335.934,6.00413,0.213024,0.0825878,11689,0
1047,292.029,6.65961,0.131228,0.0815962,11689,0
1048,308.787,6.26296,0.35518,0.101253,11689,0
1049,328.169,10.743,0.257976,0.213893,11689,0
1050,450.772,5.49374,0.222198,0.10975,11689,0
1051,403.71,1.86942,0.0381052,0.0209492,11689,1
1052,336.88,5.77224,0.272321,0.0765904,11689,0
1053,443.445,1.99956,0.0355874,0.0206152,11689,1
1054,465.979,6.95628,0.164055,0.0878367,11689,0
1055,538.004,2.0668,0.0489417,0.0178137,11689,0
1056,626.52,6.48096,0.325231,0.0917524,11689,0
1057,481.28,9.01714,0.0852303,0.0898563,11689,0
1058,457.582,8.52667,0.076716,0.110134,11689,0
1059,399.035,9.46283,0.0803034,0.114541,11689,0
1060,384.377,12.6916,0.168845,0.164366,11689,0
1061,409.909,8.12872,0.113709,0.0847108,11689,0
1062,380.716,10.6243,0.125352,0.118506,11689,0
1063,355.891,7.87085,0.0947282,0.085453,11689,0
1064,386.413,9.0877,0.127199,0.143879,11689,0
1065,315.99,10.4719,0.113329,0.13913,11689,0
1066,368.431,9.71449,0.0904144,0.126176,11689,0
1067,398.407,10.0334,0.103796,0.13718,11689,0
1068,394.101,8.25794,0.11394,0.10461,11689,0
1069,430.623,10.4698,0.0823874,0.129813,11689,0
1070,489.266,10.1813,0.134592,0.146353,11689,1
1071,522.079,9.59953,0.241164,0.127287,11689,0
1072,610.937,9.42463,0.153479,0.101845,11689,0
1073,519.501,8.28739,0.0795989,0.11433,11689,0
1074,508.34,10.4279,0.0849267,0.131434,11689,0
1075,429.163,6.26054,0.0751687,0.0667023,11689,0
1076,468.349,6.06118,0.0625341,0.0673091,11689,0
1077,438.418,4.38586,0.0599377,0.0554171,11689,0
1078,452.86,4.18349,0.0657604,0.0813074,11689,0
1079,443.691,6.50019,0.100876,0.0920032,11689,0
1080,471.27,5.62608,0.0710931,0.0548645,11689,0
1081,425.101,7.17404,0.0640337,0.0643364,11689,0
1082,394.38,6.38501,0.0666365,0.0645714,11689,0
1083,2049.77,0.944409,0.213136,0.0639302,11689,1
1084,449.092,9.7783,0.0903674,0.112183,11689,0
1085,480.968,10.0813,0.0861767,0.124653,11689,0
1086,500.232,8.3233,0.094091,0.0925787,11689,0
1087,593.668,6.52603,0.464814,0.121286,11689,0
1088,553.795,8.33214,0.125572,0.0868928,11689,0
1089,421.647,7.04187,0.109702,0.0803995,11689,0
1090,331.151,5.85871,0.288504,0.0873326,11689,0
1091,2064.31,2.92619,0.147836,0.0362997,11689,1
1092,273.893,6.05378,0.365076,0.0730972,11689,1
1093,301.564,8.64622,0.160781,0.122779,11689,0
1094,1511.62,1.66648,0.0409948,0.0110455,11689,1
1095,335.347,8.01488,0.133329,0.0854655,11689,0
1096,241.534,5.87496,0.425485,0.0825728,11689,0
1097,283.43,7.66376,0.155461,0.0859493,11689,0
1098,304.761,5.68509,0.231605,0.0890665,11689,0
1099,323.537,3.46766,0.143872,0.924511,11689,0
1100,313.882,5.8664,0.167758,0.113532,11689,0
1101,346.564,6.76542,0.166673,0.0683173,11689,1
1102,401.302,5.98887,0.15196,0.0997802,11689,0
1103,529.797,8.08218,0.119712,0.094441,11689,0
1104,488.566,8.8386,0.156946,0.101923,11689,0
1105,408.955,7.01625,0.198462,0.0781673,11689,0
1106,338.581,6.73115,0.170647,0.0772711,11689,0
1107,337.999,1.79026,0.0255536,0.0154409,11689,1
1108,282.575,7.81663,0.185221,0.0872241,11689,0
1109,288.323,9.73542,0.91155,0.145522,11689,0
1110,261.089,8.38804,0.201112,0.128592,11689,0
1111,333.351,6.77707,0.244434,0.0810103,11689,0
1112,323.237,8.81021,0.245616,0.117835,11689,0
1113,300.968,6.9691,0.439566,0.155368,11689,0
1114,327.07,9.14086,0.196015,0.126902,11689,0
1115,333.442,6.11056,0.245763,0.074481,11689,0
1116,364.024,8.31658,0.159196,0.100608,11689,0
1117,439.158,6.19823,0.259285,0.100059,11689,0
1118,466.122,7.08343,0.11546,0.0784116,11689,0
1119,525.129,7.09645,0.102407,0.0841057,11689,0
1120,476.548,10.0316,0.39129,0.131722,11689,0
1121,350.442,9.67725,0.109862,0.103396,11689,0
1122,403.408,9.30681,0.0729658,0.10335,11689,0
1123,294.19,8.41329,0.099459,0.111869,11689,0
1124,357.566,9.60032,0.0785792,0.112786,11689,0
1125,322.165,8.93512,0.115396,0.118345,11689,0
1126,278.124,8.36262,0.0793356,0.0926769,11689,0
1127,313.713,10.708,0.113712,0.100702,11689,0
1128,210.134,8.82581,0.102706,0.0808738,11689,0
1129,291.014,9.39516,0.120634,0.102226,11689,0
1130,311.483,11.6827,0.151596,0.126634,11689,0
1131,299.867,10.4245,0.159458,0.119193,11689,0
1132,371.975,5.84127,0.10129,0.0664775,11689,0
1133,358.929,5.87283,0.0803592,0.0594443,11689,0
1134,435.802,7.86122,0.175993,0.141432,11689,0
1135,508.806,6.81538,0.178102,0.0890055,11689,0
1136,459.217,9.23147,0.554615,0.147826,11689,0
1137,436.044,6.71335,0.0808148,0.0805619,11689,0
1138,349.065,6.50956,0.0806939,0.0658595,11689,0
1139,308.503,6.10012,0.0873536,0.0810497,11689,0
1140,314.501,6.28737,0.0819016,0.0693015,11689,0
1141,295.23,6.51358,0.0913471,0.0796096,11689,0
1142,272.783,5.23405,0.11974,0.0839415,11689,0
1143,319.922,8.59419,0.224082,0.154452,11689,0
1144,277.491,6.27939,0.103923,0.108086,11689,1
1145,249.846,3.65276,0.0774137,0.096094,11689,1
1146,249.981,7.76311,0.114536,0.0919103,11689,0
1147,254.49,13.5869,3.01504,6.73399,11689,1
1148,317.631,7.71387,0.123063,0.15721,11689,0
1149,378.873,5.72842,0.124724,0.0783972,11689,0
1150,472.504,4.65171,0.087119,0.0504341,11689,0
1151,482.149,8.24946,0.16331,0.0967296,11689,0
1152,466.255,8.41848,0.153656,0.107231,11689,0
1153,421.447,8.50803,0.386983,0.158031,11689,0
1154,343.993,6.56145,0.150326,0.101649,11689,1
1155,3980.09,1.9714,0.0759909,0.0198031,11689,1
1156,296.686,7.27786,0.132925,0.0969433,11689,0
1157,330.912,7.17054,0.134244,0.130284,11689,0
1158,281.057,7.84064,0.141389,0.0973914,11689,0
1159,283.249,8.28398,0.458075,0.129612,11689,0
1160,296.949,7.75192,0.131944,0.118443,11689,0
1161,354.433,7.70417,0.223736,0.114603,11689,0
1162,320.016,7.09815,0.0896922,0.14486,11689,0
1163,341.764,7.40916,0.310431,0.101,11689,0
1164,368.49,11.6241,0.222873,0.178222,11689,0
1165,435.256,15.6706,2.0351,0.832329,11689,0
1166,496.563,10.4233,0.186881,0.159971,11689,0
1167,479.04,9.10676,0.142863,0.101628,11689,0
1168,464.897,9.08679,0.132331,0.0981425,11689,0
1169,471.876,8.19343,0.0962254,0.103548,11689,0
1170,418.392,7.06336,0.266596,0.115684,11689,0
1171,380.973,12.7533,0.647969,0.305381,11689,0
1172,415.339,7.43411,0.25804,0.116911,11689,0
1173,319.621,9.98156,0.22181,0.175287,11689,0
1174,387.865,7.15639,0.164544,0.177209,11689,0
1175,263.146,6.60959,0.11821,0.0982118,11689,0
1176,391.063,4.93768,0.212135,0.12364,11689,0
1177,340.63,7.75178,0.149867,0.114262,11689,1
1178,390.311,5.91631,0.139913,0.178739,11689,0
1179,361.445,10.0761,0.204882,0.218652,11689,1
1180,389.548,5.01899,0.145545,0.129439,11689,0
1181,403.325,7.70978,0.124983,0.0774096,11689,0
1182,487.455,8.30438,0.233908,0.129581,11689,1
1183,518.392,8.85039,0.112767,0.149491,11689,0
1184,548.464,9.3636,0.488393,0.128276,11689,0
1185,353.706,6.47454,0.0708599,0.0800761,11689,0
1186,310.445,7.6745,0.103931,0.122819,11689,0
1187,339.969,7.14625,0.0922431,0.080622,11689,0
1188,326.555,6.82246,0.107803,0.14523,11689,0
1189,317.022,10.1581,0.141671,0.125301,11689,0
1190,323.62,11.2458,0.413101,0.872197,11689,0
1191,237.435,8.97327,0.312087,0.192105,11689,1
1192,325.917,4.25729,0.104441,0.126275,11689,0
1193,1950.43,4.41832,0.0989677,0.0424885,11689,1
1194,2161.5,1.77251,0.00103695,0.0190546,11689,1
1195,226.619,7.87372,0.0814361,0.0877399,11689,0
1196,333.122,9.45486,0.215022,0.132572,11689,0
1197,433.078,9.09726,0.112386,0.139625,11689,0
1198,450.194,5.86812,0.0984757,0.113567,11689,0
1199,449.768,10.9057,0.637485,0.220312,11689,0
1200,546.236,13.1903,0.36716,0.163421,11689,0
1201,437.577,7.60118,0.106048,0.110582,11689,0
1202,438.129,9.65121,0.138431,0.119739,11689,0
1203,365.31,6.5443,0.10367,0.101719,11689,0
1204,361.499,7.28082,0.119004,0.105791,11689,0
1205,330.348,5.96406,0.0737066,0.0773253,11689,0
1206,2002.23,1.37014,0.0372733,0.0102447,11689,1
1207,355.46,7.51942,0.0963906,0.10524,11689,0
1208,361.644,8.3839,0.0887024,0.0969416,11689,0
1209,3418.98,3.91282,0.148269,0.0184778,11689,1
1210,402.858,7.53868,0.0794859,0.0793411,11689,0
1211,365.259,8.75096,0.0970647,0.0832473,11689,1
1212,447.182,8.86634,0.103466,0.102975,11689,0
1213,457.582,6.86818,0.0880636,0.0887725,11689,0
1214,484.818,7.10279,0.081107,0.0917725,11689,0
1215,597.742,7.4235,0.369156,0.0993189,11689,0
1216,581.657,10.6995,0.228099,0.144839,11689,0
1217,449.731,9.11239,0.199691,0.138582,11689,0
1218,505.356,7.74641,0.290318,0.236146,11689,0
1219,433.323,9.20493,0.205183,0.129976,11689,0
1220,369.831,6.87383,0.317407,0.147926,11689,0
1221,370.259,9.5088,0.176656,0.176807,11689,0
1222,966.797,1.36771,0.0255243,0.00821226,11689,1
1223,334.201,6.97951,0.130328,0.0943918,11689,0
1224,388.854,6.63769,0.240327,0.166385,11689,0
1225,389.124,8.30752,0.21277,0.14752,11689,0
1226,449.569,7.46707,0.678183,0.143344,11689,0
1227,401.084,7.55989,0.157144,0.10432,11689,0
1228,411.491,7.45616,0.247491,0.109069,11689,0
1229,436.144,7.91074,0.149184,0.136065,11689,0
1230,516.745,5.93081,0.201441,0.18122,11689,0
1231,629.245,8.71457,0.145255,0.147954,11689,0
1232,395.982,23.7363,0.192187,0.327748,11689,1
1233,338.565,8.55498,0.187281,0.0975858,11689,0
1234,284.616,16.0452,0.170646,0.201115,11689,0
1235,308.141,6.15935,0.230263,0.144662,11689,0
1236,303.238,12.9492,0.20411,0.187482,11689,1
1237,281.715,5.89263,0.118989,0.101414,11689,0
1238,220.68,11.6658,0.122435,0.138087,11689,0
1239,349.661,5.63952,0.234952,0.0986471,11689,0
1240,265.179,8.68777,0.135402,0.152108,11689,0
1241,369.616,7.24636,0.426563,0.164287,11689,0
1242,300.712,14.4745,0.492415,0.224503,11689,1
1243,310.999,8.25826,0.537739,0.181911,11689,0
1244,302.162,10.9048,0.197934,0.162612,11689,0
1245,448.487,7.19333,0.800591,0.238626,11689,0
1246,401.913,10.7088,0.347301,0.12278,11689,1
1247,483.072,8.68721,0.224405,0.112776,11689,0
1248,555.439,9.74502,0.387405,0.133743,11689,0
1249,519.507,10.1504,0.145128,0.158031,11689,0
1250,413.48,10.3795,0.125448,0.125331,11689,0
1251,406.309,8.59114,0.115072,0.0930475,11689,0
1252,364.27,8.26071,0.113047,0.135119,11689,0
1253,363.965,8.35522,0.10315,0.0989191,11689,0
1254,340.146,7.81762,0.127412,0.103445,11689,0
1255,369.93,9.96899,0.125006,0.121533,11689,0
1256,321.07,9.20652,0.128765,0.120866,11689,0
1257,403.514,9.92843,0.0957975,0.112515,11689,0
1258,421.078,10.2201,0.112858,0.112489,11689,0
1259,430.721,10.8686,0.129226,0.123388,11689,0
1260,404.882,10.4967,0.094795,0.117069,11689,0
1261,456.177,12.869,0.116004,0.172436,11689,0
1262,503.103,14.6753,0.117283,0.180514,11689,0
1263,549.809,12.4813,0.6207,0.161296,11689,0
1264,734.136,9.41662,0.398334,0.157188,11689,0
1265,557.999,13.2931,0.129174,0.163395,11689,0
1266,500.239,11.8822,0.15162,0.179884,11689,0
1267,441.01,16.6868,0.132358,0.203336,11689,0
1268,436.193,14.0056,0.113048,0.178225,11689,0
1269,422.072,14.0503,0.120066,0.185117,11689,0
1270,370.66,15.0669,0.140247,0.209905,11689,0
1271,413.103,15.6712,0.11206,0.211807,11689,0
1272,412.17,14.3426,0.114063,0.193716,11689,0
1273,483.255,12.9337,0.110391,0.168032,11689,0
1274,450.706,14.9033,0.102199,0.198841,11689,0
1275,460.124,5.58496,0.0912756,0.0756025,11689,0
1276,430.689,6.39238,0.0949701,0.11667,11689,0
1277,460.129,22.6141,0.169992,0.35455,11689,1
1278,522.496,5.79617,0.0815944,0.0964307,11689,0
1279,530.444,9.70561,0.321631,0.143962,11689,0
1280,654.195,13.6127,0.280252,0.203238,11689,0
1281,525.822,7.16513,0.325101,0.100044,11689,0
1282,406.497,13.9988,0.33942,0.171418,11689,0
1283,352.28,8.80184,0.251827,0.106975,11689,0
1284,366.775,12.5626,0.33646,0.169279,11689,0
1285,341.559,7.02403,0.255987,0.115197,11689,0
1286,352.389,9.91377,0.248875,0.114418,11689,0
1287,263.782,7.38781,0.16037,0.110989,11689,0
1288,366.513,9.25816,0.198798,0.134744,11689,0
1289,360.913,7.42222,0.223156,0.0972513,11689,0
1290,381.475,9.77242,0.243164,0.151699,11689,0
1291,352.023,9.32082,0.257099,0.105471,11689,0
1292,429.897,10.441,0.153782,0.133002,11689,0
1293,428.554,8.48658,0.169272,0.104842,11689,0
1294,540.628,11.7893,0.18715,0.156856,11689,0
1295,548.591,11.3233,0.148676,0.130337,11689,0
1296,644.335,11.846,0.251393,0.149213,11689,0
1297,544.043,11.0651,0.239836,0.200707,11689,1
1298,466.069,6.99027,0.113205,0.0847554,11689,1
1299,457.418,7.8365,0.153561,0.114281,11689,0
1300,457.477,11.5221,0.468296,0.336663,11689,1
1301,473.362,9.31955,0.273276,0.200702,11689,1
1302,404.201,6.77851,0.21159,0.0901363,11689,1
1303,423.888,22.88,0.364106,0.0910192,11689,1
1304,458.258,6.90067,0.286953,0.0990381,11689,0
1305,360.757,23.4273,1.90505,0.569787,11689,1
1306,558.999,10.6864,0.522713,0.354197,11689,1
1307,2134.15,1.55746,0.0131534,0.0161178,11689,1
1308,496.734,8.87682,0.347686,0.269162,11689,1
1309,512,0,0,0,11689,1
1310,657.579,6.64062,0.177159,0.0969542,11689,0
1311,656.161,20.2861,0.269559,0.239876,11689,1
1312,671.025,9.35938,0.189283,0.128092,11689,0
1313,622.542,7.54034,0.206506,0.104052,11689,0
1314,548.308,6.06277,0.138441,0.0750829,11689,0
1315,616.089,6.95836,0.122143,0.0788214,11689,0
1316,510.839,7.02426,0.188245,0.103882,11689,0
1317,481.882,5.71862,0.125066,0.0784731,11689,0
1318,524.868,6.49314,0.204724,0.0872632,11689,0
1319,487.133,6.40152,0.133689,0.0758867,11689,0
1320,569.426,5.89709,0.133614,0.0950027,11689,0
1321,561.66,7.21929,0.128783,0.0786362,11689,0
1322,584.134,6.1131,0.128428,0.0983821,11689,0
1323,544.499,7.50754,0.114366,0.0827756,11689,0
1324,567.5,6.6702,0.12291,0.0987269,11689,1
1325,588.303,6.83167,0.113522,0.0917862,11689,0
1326,635.654,8.30377,0.139168,0.122618,11689,0
1327,652.857,9.42207,0.283579,0.148548,11689,0
1328,533.597,7.10662,0.147726,0.109435,11689,0
1329,391.447,9.61496,0.1129,0.171314,11689,0
1330,344.957,12.7043,0.121773,0.169794,11689,0
1331,333.544,7.369,0.0762762,0.0977271,11689,0
1332,261.895,9.16655,0.0971552,0.129548,11689,0
1333,300.397,9.6,0.088426,0.114456,11689,0
1334,293.655,8.61472,0.0797566,0.0955191,11689,0
1335,223.26,6.21921,0.0973532,0.075576,11689,0
1336,231.305,7.6007,0.103609,0.0835764,11689,0
1337,279.953,7.23856,0.0947303,0.071065,11689,0
1338,289.112,7.4043,0.1018,0.0899611,11689,0
1339,325.124,7.51877,0.114688,0.104209,11689,0
1340,356.094,7.38118,0.119351,0.0890242,11689,0
1341,458.044,5.39031,0.0994906,0.0524678,11689,0
1342,440.199,8.573,0.241099,0.0984054,11689,0
1343,563.911,8.29631,0.181296,0.126421,11689,0
1344,482.624,10.7105,0.258587,0.128244,11689,0
1345,389.733,9.01467,0.261689,0.186007,11689,0
1346,367.638,8.12599,0.291618,0.124511,11689,0
1347,330.7,6.73232,0.158371,0.0996687,11689,0
1348,243.524,7.50525,0.262268,0.137617,11689,0
1349,292.393,9.25416,0.245856,0.118918,11689,0
1350,266.059,9.47277,0.445393,0.203361,11689,0
1351,312.548,10.6481,0.215292,0.124054,11689,0
1352,307.541,8.75889,0.19032,0.179341,11689,0
1353,258.736,11.117,0.344609,0.223366,11689,0
1354,297.273,7.86843,0.142558,0.109327,11689,0
1355,339.404,8.76407,0.182085,0.0956041,11689,0
1356,2827.11,1.06998,0.0515571,0.0066259,11689,1
1357,383.502,9.98088,0.26126,0.141774,11689,0
1358,394.971,6.06124,0.103933,0.107056,11689,0
1359,569.723,11.3046,0.285522,0.167457,11689,0
1360,603.332,10.7691,0.321994,0.124367,11689,0
1361,515.79,1.91383,0.0458423,0.0233235,11689,1
1362,514.061,8.90307,0.362808,0.114086,11689,0
1363,450.933,1.82939,0.107512,0.163785,11689,1
1364,428.021,8.09413,0.224312,0.0955476,11689,0
1365,2224.78,1.28382,0.0229328,0.0127724,11689,1
1366,424.853,8.00526,0.212706,0.108868,11689,0
1367,421.366,7.85226,0.44143,0.0928678,11689,0
1368,389.019,9.10972,0.247209,0.330009,11689,0
1369,442.898,7.58175,0.264695,0.115329,11689,0
1370,474.565,9.40365,0.170882,0.117933,11689,0
1371,513.388,7.44133,0.241329,0.139831,11689,0
1372,567.359,8.52612,0.212012,0.139791,11689,0
1373,523.443,6.79956,0.154373,0.116083,11689,0
1374,627.148,10.7796,0.242451,0.152852,11689,0
1375,634.918,8.95171,0.247339,0.1509,11689,0
1376,588.435,12.0824,0.162436,0.153856,11689,0
1377,617.984,6.16029,0.12075,0.0765818,11689,0
1378,535.974,8.78429,0.146621,0.102292,11689,0
1379,528.418,4.7287,0.291955,0.146894,11689,1
1380,483.121,7.92648,0.135686,0.0957387,11689,0
1381,454.239,7.72432,0.136385,0.121524,11689,0
1382,464.547,7.78972,0.152536,0.120335,11689,0
1383,507.677,6.13316,0.131012,0.086109,11689,0
1384,531.146,6.92449,0.115866,0.0864695,11689,0
1385,593.271,6.02902,0.134982,0.0809338,11689,0
1386,568.263,8.07364,0.183428,0.127216,11689,0
1387,580.544,5.25034,0.115883,0.0954577,11689,0
1388,558.697,6.268,0.116774,0.0754939,11689,0
1389,679.289,5.88002,0.190476,0.0763545,11689,0
1390,622.793,5.40614,0.0994052,0.0811736,11689,0
1391,655.329,9.05797,0.184411,0.119547,11689,0
1392,566.339,11.2479,0.354719,0.155487,11689,0
1393,489.721,5.14137,0.12997,0.0887187,11689,0
1394,459.874,6.40195,0.118236,0.0816252,11689,0
1395,517.64,4.00832,0.122787,0.142427,11689,0
1396,385.544,9.61787,0.322764,0.200906,11689,0
1397,362.802,8.21382,0.19405,0.259453,11689,1
1398,427.306,7.99771,0.118244,0.112533,11689,0
1399,400.289,8.46898,0.127766,0.100242,11689,0
1400,386.308,10.0321,0.176284,0.125208,11689,0
1401,406.179,6.28643,0.0938784,0.0745047,11689,0
1402,442.937,10.5974,0.180504,0.137031,11689,0
1403,404.802,4.99535,0.0813087,0.0697432,11689,0
1404,471.085,5.03349,0.0816045,0.0669058,11689,0
1405,499.439,6.30714,0.104662,0.09472,11689,0
1406,497.951,5.75679,0.0943977,0.0883058,11689,0
1407,636.274,13.0839,0.619866,0.21327,11689,0
1408,430.46,9.01774,0.146554,0.116148,11689,0
1409,369.612,10.4103,0.256825,0.133758,11689,0
1410,338.259,7.6352,0.135766,0.0906176,11689,0
1411,303.679,9.6239,0.475143,0.140201,11689,0
1412,273.07,6.9401,0.13253,0.0839438,11689,0
1413,261.022,7.35357,0.19951,0.423287,11689,0
1414,212.396,6.3403,0.118234,0.0868653,11689,0
1415,257.243,6.62227,0.178053,0.120888,11689,0
1416,273.476,5.89433,0.122185,0.0873403,11689,0
1417,275.893,6.66725,0.165865,0.0975571,11689,0
1418,259.745,6.27491,0.166895,0.149227,11689,0
1419,339.389,7.14134,0.227104,0.0797887,11689,0
1420,342.928,6.28365,0.158444,0.0886994,11689,0
1421,369.721,7.36571,0.489644,0.0968631,11689,0
1422,464.167,6.32364,0.16454,0.0902139,11689,0
1423,493.34,7.18065,0.177219,0.0879239,11689,0
1424,542.496,7.73749,0.137151,0.115005,11689,0
1425,435.87,7.16243,0.131812,0.113865,11689,0
1426,367.694,7.63029,0.225869,0.0991327,11689,0
1427,390.279,6.29716,0.154247,0.153963,11689,0
1428,363.603,8.22566,0.202559,0.0979752,11689,0
1429,315.202,7.50711,0.145302,0.10561,11689,0
1430,349.847,7.89236,0.250639,0.0975412,11689,0
1431,343.709,7.38569,0.158176,0.0897974,11689,0
1432,334.318,6.21291,0.198027,0.0912928,11689,1
1433,335.267,11.8631,0.252019,0.275357,11689,0
1434,291.152,7.06349,0.280599,0.120258,11689,0
1435,407.264,5.66852,0.0780548,0.0600612,11689,0
1436,392.789,5.4352,0.098423,0.0850627,11689,0
1437,429.193,1.95814,0.0483899,0.0214497,11689,1
1438,469.815,8.43548,0.157503,0.0856437,11689,0
1439,557.161,14.5825,0.566389,0.309701,11689,0
1440,570.687,9.60003,0.455398,0.140199,11689,0
1441,539.584,4.85009,0.116316,0.0573287,11689,0
1442,526.027,4.83887,0.148098,0.0582186,11689,0
1443,514.279,5.25139,0.203506,0.075449,11689,0
1444,465.77,4.81794,0.145912,0.0530015,11689,0
1445,462.736,5.00659,0.0997166,0.0495999,11689,0
1446,476.005,4.8476,0.104129,0.053658,11689,0
1447,469.535,4.89768,0.124179,0.0548514,11689,0
1448,500.861,4.71838,0.0902582,0.0530168,11689,0
1449,482.311,4.92907,0.121945,0.0585407,11689,0
1450,527.132,5.04148,0.149073,0.0643234,11689,0
1451,509.752,8.02952,0.272495,0.0986892,11689,0
1452,537.51,5.73491,0.15199,0.0605642,11689,0
1453,552.824,7.48147,0.129925,0.0769546,11689,0
1454,541.108,7.19294,0.109152,0.090002,11689,0
1455,605.842,9.56457,0.402184,0.108308,11689,0
1456,471.301,12.6996,0.361989,0.12332,11689,0
1457,392.701,3.56095,0.0752046,0.054722,11689,0
1458,333.294,4.51177,0.0878973,0.061829,11689,0
1459,309.06,4.20519,0.118469,0.163666,11689,0
1460,308.547,3.04378,0.0705247,0.0430869,11689,0
1461,296.647,4.70494,0.086257,0.0557291,11689,0
1462,275.799,4.88421,0.0687793,0.0531251,11689,0
1463,275.337,5.26717,0.0762242,0.0625131,11689,0
1464,272.859,5.09167,0.0849677,0.0568973,11689,0
1465,293.657,4.60401,0.0893806,0.0610446,11689,0
1466,342.989,4.92919,0.0902324,0.0572285,11689,0
1467,292.667,4.93355,0.0911521,0.0573171,11689,0
1468,333.572,4.75194,0.0707067,0.0506757,11689,0
1469,351.202,1.64525,0.0265379,0.0106886,11689,1
1470,427.92,5.57724,0.118755,0.0643627,11689,0
1471,495.192,7.9442,0.229069,0.106141,11689,0
1472,611.106,6.65618,0.12577,0.101168,11689,0
1473,531.67,5.65925,0.102754,0.0863843,11689,0
1474,479.282,7.35815,0.205271,0.113414,11689,0
1475,1853.53,2.24534,0.180405,0.0476286,11689,1
1476,405.77,6.88569,0.202474,0.0877277,11689,0
1477,441.95,6.1588,0.112801,0.118454,11689,0
1478,370.73,7.7466,0.166742,0.159046,11689,0
1479,373.855,5.95542,0.108215,0.0968239,11689,0
1480,392.902,6.75501,0.209601,0.109752,11689,0
1481,407.139,6.54184,0.11436,0.0772296,11689,0
1482,450.608,7.00132,0.258677,0.104968,11689,0
1483,473.173,6.51379,0.115008,0.10701,11689,0
1484,509.97,8.69275,0.577919,0.176047,11689,0
1485,516.303,10.7439,0.236992,0.151853,11689,0
1486,578.599,9.59833,0.478382,0.150534,11689,0
1487,666.711,9.15917,0.172493,0.115841,11689,0
1488,477.35,13.0776,0.222478,0.162406,11689,0
1489,424.162,6.52081,0.172521,0.130425,11689,0
1490,332.696,6.47451,0.0929366,0.0911573,11689,0
1491,301.598,5.64445,0.169277,0.106282,11689,0
1492,3278.36,2.41492,0.0009759,0.0124993,11689,1
1493,277.204,5.61762,0.21169,0.10107,11689,0
1494,259.933,2.75504,0.101171,0.0774523,11689,0
1495,1109.52,1.46393,0.0335969,0.0100159,11689,1
1496,280.595,5.77725,0.137063,0.0958211,11689,0
1497,236.944,7.05959,0.573195,0.128247,11689,0
1498,263.316,4.98905,0.0922211,0.101839,11689,0
1499,347.612,6.86297,0.619542,0.104383,11689,0
1500,335.274,5.68692,0.106117,0.0963704,11689,0
1501,404.347,7.02174,0.399364,0.106247,11689,0
1502,481.297,5.30975,0.135377,0.0966457,11689,0
1503,524.834,5.36183,0.10222,0.0944701,11689,0
1504,500.876,11.7369,0.465107,0.155962,11689,0
1505,506.864,7.97915,0.160229,0.111383,11689,0
1506,477.498,9.00329,0.133006,0.102413,11689,0
1507,476.089,7.31026,0.131868,0.0953208,11689,0
1508,434.203,7.16672,0.12393,0.088914,11689,0
1509,435.975,6.66638,0.107439,0.102389,11689,0
1510,431.533,2.27409,0.0347968,0.0261454,11689,0
1511,390.288,6.41948,0.105011,0.0878139,11689,0
1512,434.234,6.66394,0.114379,0.0824433,11689,0
1513,395.519,6.09581,0.127615,0.0689338,11689,0
1514,409.747,6.66638,0.113032,0.0740454,11689,0
1515,455.917,6.31539,0.0975799,0.0945311,11689,0
1516,438.022,5.91859,0.115704,0.0840355,11689,0
1517,491.706,6.66822,0.10694,0.0754899,11689,0
1518,505.047,7.60854,0.132069,0.0915619,11689,0
1519,465.467,8.07645,0.362238,0.160702,11689,0
1520,539.386,8.08162,0.482765,0.126363,11689,0
1521,600.605,7.96566,0.121895,0.0843076,11689,0
1522,473.344,8.18276,0.115919,0.0841745,11689,0
1523,439.144,11.1228,0.167767,0.120603,11689,0
1524,392.465,8.64788,0.0920434,0.134198,11689,0
1525,457.612,6.58031,0.105212,0.101821,11689,0
1526,473.699,9.18017,0.096343,0.106885,11689,0
1527,407.193,9.54783,0.101632,0.100254,11689,0
1528,417.148,9.72949,0.0971861,0.109448,11689,0
1529,402.256,8.29725,0.0912768,0.0880455,11689,0
1530,462.933,8.75865,0.105452,0.104678,11689,0
1531,431.022,13.3302,0.34104,0.142088,11689,1
1532,462.748,8.93748,0.0853539,0.116083,11689,0
1533,513.481,8.92715,0.112653,0.108296,11689,0
1534,590.053,7.53745,0.0899881,0.0796962,11689,0
1535,627.525,9.42569,0.12366,0.133765,11689,0
1536,579.488,5.07455,0.0630915,0.0684791,11689,0
1537,490.615,8.36422,0.110614,0.0824956,11689,0
1538,529.894,3.98937,0.0417096,0.0373098,11689,0
1539,421.792,7.87518,0.103858,0.0940962,11689,0
1540,442.954,5.3381,0.104897,0.0656776,11689,0
1541,399.312,7.82882,0.157123,0.0812265,11689,0
1542,397.264,5.58787,0.0564819,0.0480229,11689,0
1543,381.537,8.42133,0.157217,0.102002,11689,0
1544,391.88,5.55236,0.0831137,0.0629558,11689,0
1545,392.513,5.52073,0.101448,0.0686037,11689,0
1546,395.834,9.90421,0.48502,0.357973,11689,1
1547,491.607,7.53631,0.115864,0.0831189,11689,0
1548,465.525,5.25416,0.092669,0.0487687,11689,0
1549,466.835,7.45559,0.106874,0.082498,11689,0
1550,612.296,10.2954,1.99957,0.293931,11689,1
1551,644.107,6.18462,0.170105,0.0794059,11689,0
1552,618.558,7.59433,0.142441,0.0857062,11689,0
1553,454.638,5.67377,0.12263,0.0745886,11689,0
1554,523.217,5.06031,0.117775,0.0530739,11689,0
1555,419.703,5.68602,0.218204,0.102349,11689,0
1556,449.668,6.04336,0.150612,0.146034,11689,0
1557,340.302,6.42922,0.1864,0.0681508,11689,0
1558,367.874,6.20128,0.235875,0.404069,11689,1
1559,323.559,3.46788,0.0576019,0.0480936,11689,0
1560,348.485,4.59684,0.10266,0.0512584,11689,0
1561,356.702,1.82251,0.0330823,0.0209445,11689,1
1562,346.541,4.77961,0.109319,0.0487101,11689,0
1563,1826.65,2.30946,0.0574655,0.0423361,11689,1
1564,397.99,4.05788,0.151074,0.0455853,11689,0
1565,479.25,2.17313,0.0595005,0.0370248,11689,1
1566,498.176,5.73793,0.200959,0.12038,11689,1
1567,651.42,1.78861,0.0277116,0.0214464,11689,1
1568,584.248,8.62203,0.179093,0.125242,11689,0
1569,481.13,3.35721,0.0558551,0.0466995,11689,0
1570,421.76,3.47015,0.0568843,0.049416,11689,0
1571,389.159,2.74993,0.0555771,0.0377713,11689,0
1572,367.554,3.40752,0.0623961,0.037474,11689,0
1573,424.527,3.81786,0.0989643,0.11651,11689,0
1574,357.693,3.59743,0.0911875,0.0974439,11689,0
1575,403.701,3.77224,0.0741112,0.0654776,11689,0
1576,343.937,3.5092,0.0788827,0.0675251,11689,0
1577,371.267,3.2529,0.0590804,0.0672761,11689,0
1578,378.713,2.62175,0.106492,0.042296,11689,0
1579,392.135,3.79704,0.0801559,0.0561969,11689,0
1580,428.856,3.35899,0.0720378,0.0707575,11689,0
1581,475.497,3.80963,0.071247,0.0662465,11689,0
1582,467.767,3.34944,0.0581289,0.0438171,11689,0
1583,579.261,9.26927,0.300918,0.125495,11689,0
1584,593.841,5.82181,0.121519,0.0708919,11689,0
1585,454.778,3.10619,0.0493677,0.0387316,11689,0
1586,434.636,5.09766,0.0729621,0.0522497,11689,0
1587,412.944,3.03305,0.0500805,0.039797,11689,0
1588,378.272,3.52264,0.113972,0.081054,11689,0
1589,312.302,4.01284,0.0661451,0.0469118,11689,0
1590,404.664,3.02982,0.0592702,0.0418034,11689,0
1591,378.966,7.13745,1.37941,1.73721,11689,0
1592,453.648,2.87693,0.0520919,0.0378076,11689,0
1593,350.053,3.23282,0.0568404,0.0436435,11689,0
1594,363.646,2.92704,0.053154,0.0364697,11689,0
1595,387.814,2.94311,0.105065,0.0567045,11689,0
1596,427.117,3.53756,0.0991537,0.119659,11689,0
1597,484.286,3.51798,0.0628453,0.0550249,11689,0
1598,458.557,3.0717,0.0610752,0.0381199,11689,0
1599,531.535,6.86509,0.131487,0.0711689,11689,0
1600,589.274,6.31501,0.287948,0.245799,11689,0
1601,533.117,8.00214,0.365115,0.123406,11689,0
1602,389.976,7.8791,0.260729,0.119468,11689,0
1603,435.949,5.06884,0.23523,0.0557934,11689,0
1604,397.389,6.83842,0.383085,0.0948295,11689,0
1605,394.919,4.72573,0.151076,0.0557025,11689,0
1606,4095,0,0,0,11689,1
1607,371.659,4.96922,0.194499,0.0735619,11689,0
1608,342.686,7.23671,0.0674729,0.0843006,11689,0
1609,338.127,6.5439,0.338558,0.0852757,11689,0
1610,371.788,8.51267,0.081814,0.115966,11689,0
1611,458.498,5.18032,0.0927739,0.0711366,11689,0
1612,413.938,11.45,0.0966295,0.118089,11689,0
1613,507.033,8.66692,0.379178,0.131464,11689,0
1614,481.872,9.95566,0.0645227,0.119948,11689,0
1615,567.041,6.37755,0.145452,0.0775974,11689,0
1616,562.096,8.99422,0.142312,0.122787,11689,0
1617,518.595,2.30675,0.0444542,0.0302173,11689,0
1618,487.123,5.40169,0.183776,0.0779304,11689,0
1619,451.98,2.10669,0.0440682,0.0175197,11689,0
1620,439.401,3.57885,0.0913528,0.065795,11689,0
1621,513.176,16.8614,1.1959,0.207223,11689,1
1622,389.066,7.22388,0.160801,0.345531,11689,1
1623,467.502,7.16099,0.101838,0.0709409,11689,0
1624,361.464,6.62319,0.103334,0.0683803,11689,0
1625,400.963,7.30794,0.0961683,0.0698561,11689,0
1626,415.444,6.45524,0.13071,0.0806181,11689,0
1627,496.774,8.14386,0.151249,0.0941604,11689,0
1628,512.374,7.85003,0.175173,0.0976929,11689,0
1629,578.608,6.43571,0.187455,0.0780376,11689,0
1630,620.227,5.57272,0.128554,0.0626606,11689,0
1631,631.058,6.50085,0.274937,0.0827654,11689,0
1632,492.251,8.72069,0.0868216,0.0988062,11689,0
1633,391.74,3.2093,0.0491218,0.0385717,11689,0
1634,365.355,3.12331,0.118916,0.0567414,11689,0
1635,307.6,4.66735,0.0626996,0.0409272,11689,1
1636,316.855,4.4313,0.0799447,0.0594819,11689,0
1637,370.962,4.17,0.0509826,0.0430397,11689,0
1638,342.465,3.94353,0.0490136,0.04307,11689,0
1639,301.557,5.29858,0.0584713,0.0614552,11689,0
1640,343.754,4.06448,0.0570678,0.0465117,11689,0
1641,304.387,4.5762,0.0492803,0.0493026,11689,0
1642,348.495,6.48875,0.311779,0.337341,11689,1
1643,359.808,4.47722,0.0508059,0.0468352,11689,0
1644,403.221,3.38558,0.0449177,0.0326706,11689,0
1645,455.949,3.48593,0.0433693,0.0349152,11689,0
1646,511,0,0,0,11689,1
1647,548.053,7.0293,0.152827,0.0722489,11689,0
1648,599.525,6.89776,0.13057,0.0793359,11689,0
1649,441.316,3.99407,0.0550247,0.0537761,11689,0
1650,354.028,3.68804,0.0637955,0.0371372,11689,0
1651,373.742,3.45453,0.0492915,0.0376737,11689,0
1652,378.266,3.23202,0.0570867,0.0448855,11689,0
1653,311.199,3.77404,0.0464058,0.0348361,11689,0
1654,333.82,3.93513,0.0555915,0.0444702,11689,0
1655,304.612,4.05097,0.0508888,0.0412353,11689,0
1656,289.983,4.17159,0.057174,0.0419732,11689,0
1657,279.424,4.38934,0.0490536,0.0468832,11689,0
1658,295.804,4.55701,0.054971,0.0511661,11689,0
1659,2743.6,1.78713,0.000851257,0.00993852,11689,1
1660,421.795,4.66716,0.0988088,0.0460898,11689,1
1661,396.497,4.40749,0.0564878,0.042136,11689,0
1662,380.993,4.97616,0.0704456,0.0482563,11689,0
1663,440.065,1.77616,0.033795,0.0238249,11689,1
1664,536.632,7.04433,0.133942,0.0928469,11689,1
1665,532.247,5.90837,0.24934,0.066063,11689,0
1666,421.652,6.52745,0.0494101,0.0798569,11689,0
1667,417.135,6.45134,0.135235,0.0726778,11689,0
1668,331.76,5.6744,0.0777203,0.0783294,11689,1
1669,347.13,5.33847,0.0684534,0.0638322,11689,0
1670,297.28,4.13975,0.0723445,0.0452,11689,0
1671,349.793,7.51402,0.138131,0.0779574,11689,1
1672,346.998,6.03837,0.0578444,0.0731369,11689,0
1673,341.062,6.4252,0.102057,0.0786165,11689,0
1674,386.396,6.4545,0.271059,0.372828,11689,0
1675,419.636,6.34507,0.175966,0.0822777,11689,0
1676,419.497,7.03425,0.220833,0.0930128,11689,0
1677,606.751,6.45864,0.344214,0.080305,11689,0
1678,1355.03,1.62557,0.0118245,0.0138469,11689,1
1679,688.084,7.23589,0.121949,0.0819117,11689,0
1680,490.699,7.13669,0.0916314,0.0889815,11689,0
1681,457.246,5.01208,0.0642258,0.0495237,11689,0
1682,435.42,7.96777,0.324525,0.123981,11689,0
1683,418.345,6.12614,0.0786861,0.0692618,11689,0
1684,415.34,7.20785,0.125984,0.0847409,11689,0
1685,415.083,8.47779,0.321203,0.103029,11689,0
1686,340.614,6.55098,0.0837937,0.0819667,11689,0
1687,397.411,7.15871,0.247413,0.088447,11689,0
1688,394.267,6.3138,0.0792771,0.0729667,11689,0
1689,413.183,8.83443,0.126243,0.0893152,11689,0
1690,438.791,6.73563,0.129899,0.110241,11689,0
1691,474.978,8.71603,0.104031,0.0976853,11689,0
1692,478.149,6.85376,0.0995767,0.09034,11689,0
1693,545.419,8.81908,0.0994641,0.0893386,11689,0
1694,583.869,7.62758,0.120445,0.105767,11689,0
1695,609.07,9.86878,0.154243,0.106859,11689,0
1696,641.589,8.54654,0.4859,0.275838,11689,0
1697,535.38,2.74133,0.0648594,0.0409594,11689,0
1698,455.581,2.62593,0.0572174,0.0403518,11689,0
1699,515.354,2.34165,0.0583801,0.0543635,11689,0
1700,408.091,3.23895,0.0662412,0.0435944,11689,0
1701,403.9,2.93634,0.0646837,0.0474307,11689,0
1702,422.853,2.73375,0.0590756,0.0424471,11689,0
1703,362.805,3.08475,0.0634568,0.0449817,11689,0
1704,357.76,2.4076,0.0502177,0.0401569,11689,0
1705,482.856,3.1594,0.0668081,0.0424471,11689,0
1706,449.952,3.2839,0.13221,0.0618707,11689,0
1707,2385.29,0.937348,0.000848189,0.00942098,11689,1
1708,4095,0,0,0,11689,1
1709,523.588,4.00753,0.0690149,0.0530848,11689,0
1710,576.018,3.24534,0.0831294,0.0568986,11689,0
1711,710.962,5.52928,0.236991,0.0983821,11689,0
1712,619.651,9.12194,0.23712,0.0887457,11689,0
1713,497.59,4.10224,0.0880281,0.0704725,11689,0
1714,414.763,4.61654,0.0849478,0.0533281,11689,0
1715,486.1,3.45417,0.118561,0.0951526,11689,1
1716,402.31,3.35313,0.0686236,0.0401867,11689,1
1717,387.072,2.8788,0.0637974,0.0547676,11689,0
1718,394.78,2.98041,0.057939,0.0334215,11689,0
1719,351.523,2.98373,0.0589008,0.0406688,11689,0
1720,352.887,3.15296,0.0568829,0.0356832,11689,0
1721,435.218,3.20381,0.0721963,0.0422294,11689,0
1722,461.61,2.8473,0.0580657,0.0462507,11689,0
1723,388.821,2.45859,0.0552643,0.0283416,11689,0
1724,441.061,2.63581,0.0526256,0.0356938,11689,0
1725,489.38,3.15396,0.066477,0.0369354,11689,0
1726,543.164,3.46713,0.0690751,0.0419056,11689,1
1727,1261.63,1.67413,0.0157958,0.0115029,11689,1
1728,590.251,6.96774,0.0995171,0.0726157,11689,0
1729,517.683,7.17532,0.099164,0.102204,11689,0
1730,601.89,5.9172,0.134356,0.0613894,11689,0
1731,426.873,7.38036,0.111013,0.0795873,11689,0
1732,437.032,5.75149,0.125021,0.0838966,11689,0
1733,372.379,7.17304,0.140904,0.110127,11689,0
1734,338.391,6.53719,0.136091,0.0738163,11689,0
1735,441.983,5.28755,0.0628223,0.0837889,11689,0
1736,421.596,7.58956,0.142182,0.0906448,11689,0
1737,374.275,4.37976,0.0520137,0.0512498,11689,0
1738,414.402,7.04159,0.0722549,0.0825181,11689,0
1739,475.558,6.74056,0.131261,0.0722181,11689,0
1740,491.273,6.13318,0.0676377,0.0758013,11689,0
1741,503.683,3.78184,0.0641453,0.0428965,11689,0
1742,555.46,8.33774,0.207636,0.0800504,11689,0
1743,590.502,7.01023,0.63696,0.111515,11689,0
1744,435.67,6.39413,0.0841279,0.0697968,11689,0
1745,379.053,1.94436,0.051472,0.0373091,11689,1
1746,380.282,6.97743,0.0871014,0.0890677,11689,0
1747,326.398,9.21838,0.147139,0.143498,11689,0
1748,290.317,6.38076,0.0897402,0.0646867,11689,0
1749,296.533,4.49177,0.125054,0.0598193,11689,0
1750,282.084,6.09967,0.0852258,0.0750871,11689,0
1751,329.351,3.96756,0.0949911,0.0579778,11689,0
1752,345.235,5.52832,0.0908158,0.0671208,11689,0
1753,286.402,5.57013,0.13654,0.0697393,11689,0
1754,352.54,5.67536,0.131068,0.0683411,11689,0
1755,378.19,6.30332,0.191887,0.0961688,11689,0
1756,427.454,7.16835,0.231722,0.0925073,11689,0
1757,406.108,5.78952,0.229308,0.0664896,11689,0
1758,494.652,7.71326,0.194101,0.131506,11689,1
1759,565.199,7.31154,0.157062,0.109105,11689,0
1760,628.473,7.08339,0.151951,0.0973923,11689,0
1761,436.21,3.62336,0.0675729,0.0337914,11689,0
1762,408.727,4.72136,0.076038,0.0550528,11689,0
1763,402.391,3.27836,0.0575329,0.0361624,11689,0
1764,375.212,4.05796,0.0585665,0.0365196,11689,0
1765,373.673,5.3213,0.0686004,0.048705,11689,0
1766,367.634,3.6433,0.0549903,0.0362907,11689,0
1767,384.995,3.39534,0.056857,0.0606012,11689,0
1768,356.542,4.52611,0.0592628,0.0490112,11689,0
1769,335.268,4.66998,0.0654628,0.0484175,11689,0
1770,386.157,4.01555,0.117354,0.0812865,11689,0
1771,364.829,4.62995,0.0600023,0.0485974,11689,0
1772,478.694,4.20173,0.0611471,0.042217,11689,0
1773,452.265,3.30308,0.0495011,0.044262,11689,0
1774,506.742,4.17251,0.107702,0.0967441,11689,0
1775,638.122,5.80846,0.128181,0.0734385,11689,0
1776,673.376,6.10309,0.146937,0.079962,11689,0
1777,495.772,3.68928,0.0908271,0.0439344,11689,0
1778,471.925,3.89513,0.0622965,0.0490153,11689,0
1779,416.302,3.03815,0.0738327,0.0413239,11689,0
1780,410.057,3.18558,0.0916978,0.0381258,11689,0
1781,421.432,3.27388,0.0749746,0.0402079,11689,0
1782,408.531,3.24662,0.0868043,0.0371175,11689,0
1783,433.96,3.34163,0.0779925,0.0393888,11689,0
1784,398.15,4.43461,0.1935,0.401022,11689,1
1785,364.454,3.09309,0.0693149,0.0407676,11689,0
1786,463.436,2.97707,0.0738646,0.0431654,11689,0
1787,2262.46,1.2364,0.0832342,0.00733271,11689,1
1788,462.61,2.79551,0.06865,0.042756,11689,0
1789,463.857,4.18227,0.0590804,0.0554934,11689,1
1790,549.846,3.52475,0.0656564,0.0372253,11689,0
1791,593.566,2.48832,0.163899,0.0314197,11689,0
1792,594.336,9.87117,0.256138,0.102037,11689,0
1793,516.227,6.64545,0.0986743,0.0910892,11689,0
1794,469.712,6.25301,0.098228,0.0686173,11689,0
1795,471.253,6.56471,0.143374,0.0692873,11689,0
1796,422.862,7.78459,0.105996,0.0816199,11689,0
1797,441.041,8.4703,0.242417,0.0952054,11689,0
1798,371.868,7.80968,0.0690997,0.0984884,11689,0
1799,465.235,5.94871,0.0721593,0.0523784,11689,0
1800,356.668,5.75671,0.10054,0.0575,11689,0
1801,455.679,4.28391,0.0657687,0.0449525,11689,0
1802,383.753,9.81841,0.359998,0.524346,11689,0
1803,427.597,4.22352,0.069358,0.0571429,11689,0
1804,440.73,4.80109,0.108769,0.0671477,11689,0
1805,486.575,6.23374,0.0940331,0.0570855,11689,0
1806,470.993,5.62316,0.0766479,0.0500276,11689,0
1807,489.59,6.71697,0.0663894,0.0598227,11689,0
1808,3520.99,1098.64,12.7803,20.4743,11689,1
1809,3101.81,103.578,2.10161,1.82966,11689,1
1810,3136.6,127.691,4.51795,3.95976,11689,1
1811,1512.58,129.948,5.5107,1.45797,11689,1
1812,3012.8,109.247,1.67354,1.25953,11689,1
1813,2971.98,125.413,1.9844,1.41606,11689,1
1814,617.954,7.22566,0.0618509,0.071577,11689,0
1815,526.619,7.48256,0.123356,0.0787059,11689,0
1816,3306.4,97.9547,2.32242,1.15665,11689,1
1817,2321.25,125.201,2.73797,1.54522,11689,1
1818,577.048,81.8813,1.90187,1.09618,11689,1
1819,1153.74,33.6116,0.670721,0.462837,11689,1
1820,3306.98,84.685,2.2693,0.941434,11689,1
1821,3077.91,239.108,3.33936,2.83475,11689,1
1822,472.867,5.12016,0.139827,0.0706655,11689,0
1823,386.805,8.14761,0.248599,0.182493,11689,0
1824,2548.64,43.9923,0.785108,0.637508,11689,1
1825,2414.35,52.2641,0.899038,0.631046,11689,1
1826,3470.73,43.6041,0.805666,0.68493,11689,1
1827,2612.13,47.7481,0.955963,0.697275,11689,1
1828,2067.57,27.9349,0.546117,0.569546,11689,1
1829,3487.13,46.0668,0.858765,0.722436,11689,1
1830,751.948,7.86681,0.128374,0.118605,11689,0
1831,467.691,2.84643,0.0518837,0.0442164,11689,0
1832,1848.2,95.0874,1.19595,0.677691,11689,1
1833,3170.06,66.714,1.03862,0.458046,11689,1
1834,3550.46,44.1837,0.904366,0.759143,11689,1
1835,3015.05,63.3726,0.904691,3.93417,11689,1
1836,915.637,61.3307,0.80849,0.764912,11689,1
1837,2221.8,113.158,1.56111,1.09876,11689,1
1838,391.48,2.72928,0.0492015,0.0373961,11689,0
1839,390.145,2.66216,0.0422768,0.0264702,11689,0
1840,2587.27,64.5336,0.992071,0.993674,11689,1
1841,2903.83,132.84,1.56205,0.822515,11689,1
1842,3207.04,45.3359,0.761636,0.687124,11689,1
1843,1257.62,42.9263,0.848692,0.653186,11689,1
1844,1399.68,21.2303,0.27284,0.155903,11689,1
1845,1206.07,44.5195,0.912713,0.702161,11689,1
1846,584.36,6.34704,0.263456,0.144807,11689,1
1847,448.002,3.1452,0.148454,0.130101,11689,0
1848,1994.65,67.3937,1.03755,0.492896,11689,1
1849,1771.87,92.0259,1.11721,0.939743,11689,1
1850,2989.41,1331.77,12.6242,12.072,11689,1
1851,3469.16,48.5431,0.834405,0.670527,11689,1
1852,422.448,49.5048,0.883495,1.09857,11689,1
1853,2012.96,88.8003,1.40662,1.10833,11689,1
1854,336.455,2.64985,0.0506513,0.0422079,11689,0
1855,2842.59,1.8031,0.38347,0.0377818,11689,1
1856,662.107,9.73411,0.309903,0.111388,11689,0
1857,467.632,6.25054,0.222126,0.0689816,11689,0
1858,547.639,7.39407,0.20285,0.0851094,11689,0
1859,452.727,7.90615,0.379642,0.152536,11689,0
1860,482.215,7.1689,0.152772,0.0777435,11689,0
1861,392.606,5.95984,0.329823,0.0785556,11689,0
1862,442.62,8.02472,0.191823,0.0815475,11689,0
1863,410.274,6.8885,0.202718,0.0782862,11689,0
1864,421.14,8.15219,0.191385,0.0914705,11689,0
1865,405.951,6.86918,0.18205,0.0694931,11689,0
1866,479.28,8.77897,0.160072,0.099393,11689,0
1867,440.771,9.84071,0.122596,0.118013,11689,0
1868,514.862,9.44626,0.125899,0.118123,11689,0
1869,595.817,7.10624,0.0591345,0.0721601,11689,0
1870,622.448,10.1427,0.110421,0.113799,11689,0
1871,659.406,7.76169,0.0759644,0.0813673,11689,0
1872,451.961,11.8344,0.258698,0.161961,11689,0
1873,355.625,3.7805,0.100436,0.069022,11689,0
1874,279.862,7.3059,0.118354,0.0794309,11689,0
1875,262.598,1.79718,0.037054,0.023685,11689,1
1876,260.999,3.35286,0.0779411,0.0523255,11689,1
1877,278.176,6.47419,0.162346,0.0793406,11689,0
1878,297.989,3.70613,0.161761,0.0621518,11689,0
1879,244.671,3.94254,0.0886611,0.0541122,11689,0
1880,255.766,4.94642,0.218138,0.138206,11689,0
1881,275.726,5.24302,0.0838337,0.0624097,11689,0
1882,244.903,8.40755,0.304137,0.180266,11689,0
1883,288.839,6.94648,0.103334,0.0732807,11689,0
1884,386.382,5.07841,0.171053,0.0665279,11689,0
1885,367.064,8.83843,0.175642,0.18838,11689,0
1886,448.813,7.35921,0.312813,0.167211,11689,0
1887,448.18,8.6141,0.541588,0.128445,11689,0
1888,648.499,6.39415,0.130665,0.142563,11689,0
1889,589.702,3.25064,0.0647243,0.0489557,11689,0
1890,539.866,4.05975,0.0932594,0.0502442,11689,0
1891,443.722,2.46927,0.0490407,0.0494595,11689,0
1892,453.588,2.37682,0.0430281,0.0312303,11689,0
1893,430.417,2.99494,0.049716,0.0401048,11689,0
1894,467.433,2.81091,0.0459656,0.0334475,11689,0
1895,420.625,3.40337,0.0508659,0.0448347,11689,0
1896,460.592,3.49179,0.0554107,0.0461072,11689,0
1897,445.148,3.55265,0.0594666,0.0476324,11689,0
1898,525.57,3.21034,0.102453,0.0603654,11689,0
1899,477.317,3.63293,0.0613237,0.0419075,11689,0
1900,520.009,3.15027,0.049052,0.0357825,11689,0
1901,522.424,3.51754,0.0556983,0.0379619,11689,0
1902,605.793,3.5492,0.0557311,0.0470842,11689,0
1903,637.739,8.30822,0.126225,0.1038,11689,0
1904,555.945,13.2782,0.474537,0.381373,11689,1
1905,450.233,1.91691,0.0310641,0.0369206,11689,1
1906,401.792,3.00401,0.057963,0.0312093,11689,1
1907,390.933,3.00254,0.0408068,0.0288055,11689,0
1908,384,0,0,0,11689,1
1909,384,0,0,0,11689,1
1910,384,0,0,0,11689,1
1911,322.342,1.88886,0.0365257,0.0320632,11689,1
1912,369.07,4.01325,0.01,0.01,11689,1
1913,362.79,3.39725,0.01,0.01,11689,1
1914,0,0,0,0,11689,1
1915,396.553,3.63924,0.0483067,0.0415541,11689,0
1916,456.972,3.67786,0.0535481,0.0363404,11689,0
1917,401.697,2.74031,0.0583559,0.047806,11689,1
1918,437.626,2.47704,0.0788234,0.121252,11689,0
1919,561.369,3.85918,0.104255,0.0530836,11689,1
1920,694.43,5.74865,0.150416,0.0846759,11689,0
1921,608.636,5.80274,0.145903,0.0632578,11689,0
1922,515.921,3.58936,0.0933951,0.130105,11689,0
1923,530.401,5.53572,0.120132,0.0624785,11689,0
1924,447.561,5.23567,0.072757,0.0567887,11689,0
1925,458.657,5.86458,0.118507,0.0675147,11689,1
1926,498.766,4.44082,0.0647593,0.0421142,11689,0
1927,491.366,6.33783,0.142654,0.0871216,11689,0
1928,456.152,4.03242,0.0551435,0.0327171,11689,0
1929,436.427,6.72851,0.152656,0.102129,11689,0
1930,507.358,3.59867,0.060344,0.0664095,11689,0
1931,529.883,7.48697,0.134396,0.0754837,11689,0
1932,635.366,3.47183,0.0764624,0.0385276,11689,0
1933,595.298,7.64002,0.141732,0.0793465,11689,1
1934,640.849,3.32708,0.148164,0.0803354,11689,0
1935,708.731,2.96708,0.097547,0.0378503,11689,0
1936,566.209,4.09876,0.0915476,0.0435164,11689,0
1937,485.861,4.84735,0.104218,0.0534242,11689,0
1938,420.411,7.64752,0.192246,0.091315,11689,0
1939,439.655,4.41029,0.0776023,0.0772783,11689,0
1940,377.316,5.14535,0.205294,0.124032,11689,0
1941,350.692,5.22166,0.147261,0.0465177,11689,0
1942,393.795,6.26571,0.138949,0.0718654,11689,0
1943,349.145,7.02145,0.161365,0.0874054,11689,0
1944,412.803,5.80813,0.135671,0.0780777,11689,0
1945,360.984,7.45994,0.0755221,0.0911768,11689,0
1946,391.973,4.01128,0.0777825,0.0399395,11689,0
1947,2333.86,2.01311,0.000966736,0.0327976,11689,1
1948,451.051,5.95563,0.139486,0.102775,11689,0
1949,485.478,2.50111,0.0717731,0.0466865,11689,1
1950,549.099,5.66758,0.108261,0.0739327,11689,0
1951,578.935,12.1313,0.223578,0.153194,11689,0
1952,2877.4,2.20592,0.0025,0.0704921,11689,1
1953,2448.93,1.52752,0.000848189,0.010515,11689,1
1954,2520.8,4.03134,0.0700579,0.0172747,11689,1
1955,2409.27,1.33977,0.0682449,0.0090266,11689,1
1956,2297.5,2.54493,0.000887357,0.0187712,11689,1
1957,2328.58,1.87968,0.000851257,0.0189153,11689,1
1958,2449.06,2.75151,0.0743362,0.0242122,11689,1
1959,2413.46,1.51821,0.000860663,0.0151983,11689,1
1960,2426.9,2.27634,0.0549382,0.0275274,11689,1
1961,2275.81,1.50034,0.0760203,0.0136133,11689,1
1962,2349.44,2.34912,0.0506399,0.012409,11689,1
1963,2487.87,2.27546,0.072342,0.0112456,11689,1
1964,2480.59,3.12436,0.0558242,0.0274251,11689,1
1965,2635.43,2.1723,0.000912871,0.0316032,11689,1
1966,2505.63,2.26064,0.0946844,0.0309785,11689,1
1967,2588.33,2.25606,0.00139522,0.0194053,11689,1
1968,814.753,1.68094,0.0352824,0.0103319,11689,1
1969,738.016,1.3197,0.0356075,0.00613603,11689,1
1970,706.97,1.27684,0.0356181,0.00681828,11689,1
1971,720.609,1.52915,0.04236,0.00993714,11689,1
1972,693.35,1.44007,0.0432916,0.0114524,11689,1
1973,700.266,1.35127,0.0364314,0.0231487,11689,1
1974,656.212,1.58861,0.0503485,0.0099628,11689,1
1975,656.59,1.28968,0.0057735,0.0512364,11689,1
1976,658.05,1.09268,0.0340817,0.00847674,11689,1
1977,676.884,1.60293,0.0358462,0.0110161,11689,1
1978,663.704,1.21981,0.0306317,0.00773451,11689,1
1979,718.779,1.52861,0.0614956,0.0158621,11689,1
1980,691.45,1.26233,0.0284828,0.00896073,11689,1
1981,682.09,1.51543,0.0491612,0.0116651,11689,1
1982,693.003,1.45284,0.0324104,0.0110173,11689,1
1983,703.43,1.83267,0.101509,0.000457553,11689,1
1984,498.31,5.50797,0.0491042,0.0500685,11689,0
1985,405.277,7.09594,0.100297,0.0639365,11689,0
1986,311.502,9.82119,0.181708,0.133492,11689,0
1987,256.387,4.1225,0.213091,0.0810394,11689,0
1988,313.469,8.14517,0.129529,0.0697806,11689,0
1989,223.391,3.63615,0.0273261,0.0345476,11689,0
1990,2321.44,0.931485,0.0009759,0.012368,11689,1
1991,219.581,6.90294,0.158182,0.0582453,11689,0
1992,306.423,5.84196,0.195642,0.0782955,11689,0
1993,275.235,4.36568,0.0626792,0.0420617,11689,0
1994,236.685,5.94524,0.129653,0.0671744,11689,0
1995,306.153,4.19663,0.202942,0.0410108,11689,0
1996,359.767,6.69218,0.256799,0.0780404,11689,0
1997,491.669,11.5564,0.404024,0.127447,11689,0
1998,493.617,6.93626,0.194381,0.0657399,11689,0
1999,503.671,5.3195,0.0908392,0.0551822,11689,0
2000,499.179,11.8312,0.490367,0.149091,11689,0
2001,406.405,4.78907,0.147315,0.0562446,11689,0
2002,396.857,6.58248,0.0997413,0.0706696,11689,0
2003,359.497,5.20893,0.120203,0.0637149,11689,0
2004,295.29,6.64097,0.0875839,0.0728348,11689,0
2005,295.734,3.65465,0.0965782,0.0532719,11689,0
2006,248.029,7.66067,0.082499,0.105204,11689,0
2007,344.589,3.03329,0.10333,0.0497563,11689,0
2008,347.406,8.56549,0.0769915,0.0877778,11689,0
2009,335.639,3.13628,0.149738,0.051675,11689,0
2010,336.826,8.1832,0.0972559,0.091596,11689,0
2011,373.648,3.72643,0.142139,0.0510249,11689,0
2012,381.451,9.55173,0.0851564,0.102553,11689,0
2013,436.781,4.97514,0.135307,0.0655718,11689,0
2014,466.573,8.36267,0.0680953,0.0913161,11689,0
2015,535.574,9.37914,0.141507,0.0960012,11689,0
2016,614.176,6.44011,0.26022,0.0652211,11689,0
2017,491.339,2.38079,0.0859415,0.0350381,11689,1
2018,487.183,3.3323,0.0652972,0.0489054,11689,0
2019,442.402,2.72703,0.0455188,0.0408889,11689,0
2020,461.117,3.06939,0.046514,0.035388,11689,0
2021,422.151,3.6416,0.0522089,0.0428493,11689,0
2022,409.892,3.37821,0.051767,0.0366727,11689,0
2023,396.594,3.26024,0.0578916,0.0401619,11689,0
2024,372.694,3.67663,0.0837761,0.0564383,11689,0
2025,376.456,3.96421,0.110879,0.0965217,11689,0
2026,391.514,3.07322,0.0466714,0.0330305,11689,0
2027,430.277,3.67113,0.0617231,0.0440088,11689,0
2028,452.258,2.82937,0.0475921,0.0503493,11689,0
2029,460.733,3.16481,0.04538,0.0384671,11689,0
2030,515.263,2.44709,0.0515096,0.0470459,11689,0
2031,614.104,6.71715,0.176593,0.0773815,11689,0
2032,1454.81,1.89412,0.0521993,0.00990985,11689,1
2033,537.113,3.19406,0.0645769,0.0431654,11689,0
2034,433.513,3.35486,0.0600047,0.0405272,11689,0
2035,401.25,3.08476,0.0535142,0.0326339,11689,0
2036,408.378,2.88336,0.04838,0.0386993,11689,0
2037,439.486,2.72274,0.0528186,0.0441113,11689,0
2038,2478.25,1.29987,0.0502491,0.00724982,11689,1
2039,412.942,3.08549,0.0601881,0.0410421,11689,0
2040,377.844,2.31094,0.0494825,0.0444896,11689,0
2041,386.497,2.30122,0.075902,0.0770909,11689,0
2042,421.849,2.98068,0.0602946,0.0393696,11689,0
2043,437.384,3.11269,0.0748737,0.0437198,11689,0
2044,508.5,3.58589,0.0715133,0.0464983,11689,0
2045,519.212,4.58363,0.073356,0.0545639,11689,0
2046,515.674,3.05773,0.058511,0.0565396,11689,0
2047,655.558,6.85329,0.192009,0.0833222,11689,0
